IMMSRAK,1.0
PQLHE,1.0
LSMDAD,1.0
FTMQIK,1.0
SLLK,1.0
GILLARK,1.0
IIISGTEE,1.0
ILMLKK,1.0
LIWLEE,1.0
IVILQKK,1.0
MMELSTD,1.0
ITYYE,1.0
RGFSIVVR,0.0
AGWAPMMQR,0.0
VYYVID,1.0
WQTTNETTD,0.0
GLISSEE,0.0
WAEMPQD,1.0
VLSSGEE,0.0
VSHEMMHYD,0.0
LMFMNSK,1.0
GAFLADSE,0.0
LLSMISDD,1.0
IIGVTDD,1.0
LISSGAEE,0.0
MVLVKK,0.0
YAKK,1.0
LWIAEND,1.0
SILAAGEE,1.0
LLTFARR,1.0
WIWDDDD,0.0
MVLDALDE,1.0
IIAILRR,1.0
LMSIQEVD,0.0
VISGSDEDE,0.0
ILYAEMD,1.0
AFNGFETD,0.0
WPMR,1.0
IIHMAEE,1.0
VWMEE,1.0
FVTKK,1.0
VSQFE,1.0
SIILGDDE,0.0
WYTD,1.0
IMTIDID,1.0
TVAALLD,0.0
MWWQDD,1.0
WLFIEE,0.0
IAIYDEFTD,0.0
MLMGSRK,1.0
IIGGLTEE,1.0
WFTMIPR,0.0
GLMAQKK,1.0
IISLAGDD,0.0
YPLSGLGFR,0.0
IIWIGEE,1.0
SQQFIKGKK,0.0
ILSGTDD,0.0
VSVSSEE,0.0
KGGGHGSR,0.0
VMMDGAD,1.0
VLGMMMPFVE,0.0
IEPIWPED,0.0
LIFSQEE,1.0
PHHID,0.0
GIIGTDD,1.0
PGFEQND,0.0
FDTVWAVPD,0.0
ALLALRR,0.0
FAQGRHWYR,0.0
IPDWQGVD,0.0
LPVFE,1.0
WLFLEE,1.0
TPWD,1.0
RVAFFVR,0.0
LVIFEE,0.0
YHMPIWD,0.0
LIGVGSEE,1.0
MFLFKK,0.0
HLINQPNE,0.0
FQYIR,1.0
HNGE,0.0
DLPGWE,1.0
IFVLDD,1.0
INPIAPGPE,1.0
IDYAD,1.0
DTDSD,0.0
IVMISRR,1.0
FIWDYDE,0.0
YARK,1.0
PKPSRK,1.0
WWNFNTEE,0.0
LYPVLE,1.0
SVMSWD,0.0
IFNDTD,1.0
WHFD,1.0
IILKYSK,1.0
APIADQNNHD,0.0
VGAAWKK,0.0
TLLE,1.0
KFNALYNWK,0.0
MLLYGED,0.0
VQQYASE,0.0
GVFTADD,1.0
AMTVYIE,0.0
MLIWARR,0.0
VRMQSVTGK,0.0
HLIE,1.0
VVWWWEE,0.0
YMHQR,1.0
AMIKK,1.0
WWDENTE,0.0
LDLMVSE,1.0
WQLNSEE,0.0
WIQAAEE,1.0
MTPEMQE,1.0
IFAALEE,1.0
TRYLR,0.0
NFMTE,0.0
RKWSRR,0.0
AGILATEE,0.0
MLIFKK,1.0
VIYLIEE,1.0
LIHAR,1.0
MSMYYFLRR,0.0
QWRQWPKMK,0.0
VAIKK,1.0
IVVFEE,1.0
WWMEEDE,0.0
FMYTID,1.0
YWHE,1.0
LIFDAAE,1.0
HSLMSPK,0.0
LMVYQDD,1.0
LIHAKGR,0.0
IKMMSAK,1.0
EIVINTD,1.0
LFAAD,1.0
LVEYLE,1.0
SMLFNWTALD,0.0
MFFVKK,0.0
LYINR,0.0
VGDYGD,1.0
DIWQDWE,0.0
MLEVAD,1.0
AKPK,0.0
ANQLLLNE,0.0
WWQAANED,0.0
QGKMK,0.0
PAPWAHSQE,0.0
MLMGHDD,1.0
MMWYDWE,0.0
WLSRLK,1.0
QYGAEISDD,0.0
YQQIVWR,0.0
KIGLK,1.0
PVTTR,1.0
VIWR,1.0
AGYWGTD,0.0
IWRK,1.0
YGWINFK,0.0
VFWEWME,0.0
FVVSEVE,1.0
EIIIHEE,0.0
VAPKK,1.0
IMFYTDD,1.0
VIAE,0.0
LNKIK,0.0
ILSIGEED,1.0
PPVSAK,1.0
MFRAR,1.0
IGLIDSD,1.0
LPMHYK,1.0
YPQLVTFNE,0.0
MHPYD,1.0
EPIMNLD,1.0
AGILDD,0.0
IGITDME,0.0
PKQPSR,1.0
PYPK,1.0
ILVFKK,1.0
MDILE,0.0
IPSGEAAE,0.0
QIGGYPWGD,0.0
VYVAIEE,0.0
VMWHE,0.0
DNVQLWD,0.0
GTYTASK,0.0
LLSSDMD,0.0
MGVSAASEE,0.0
LTIVGED,1.0
WFTDNE,1.0
IGLITED,1.0
GIIITDEE,1.0
WYDYNTD,0.0
HMYIE,0.0
IWVKK,1.0
IMHLQDD,1.0
LLMLKK,1.0
IIFMDD,1.0
LFLSQEE,1.0
MLTLGEE,1.0
LIYNVED,1.0
WEEQEDE,0.0
IFVGSDD,1.0
FLFAEAD,1.0
EVLSGND,1.0
WIQNWEEE,0.0
IDQMAD,0.0
RFMARFSK,0.0
MIHIWE,0.0
LFDIAQD,1.0
VVWLEE,1.0
LLFNKK,1.0
WNYDD,1.0
YGVGK,0.0
PKFIWR,1.0
WMKR,1.0
QDPTHIGQTD,0.0
PIGLFNFK,0.0
AHKRTGFHK,0.0
IVFINEE,1.0
IFYEGAE,1.0
IIGLTADD,1.0
MIVETGE,1.0
IAYIEDE,1.0
MIYHAK,1.0
LSVMLE,1.0
GLISDSE,1.0
IVSITGDD,1.0
MIAIKK,1.0
AYLLVIQLR,0.0
WESEEENE,0.0
FLMNDGD,1.0
MFGR,0.0
VVYVDD,1.0
IVHLD,1.0
VMIESAE,1.0
IIILGTEE,1.0
WWEAEED,0.0
WAFK,1.0
WWNDTSE,0.0
ISITTDD,0.0
YFIR,1.0
IFGDGGD,1.0
FFLQNK,1.0
LMFLEAD,1.0
FFFRR,0.0
AAIWEAE,0.0
IMYEE,1.0
LFLWDD,1.0
LLESDID,1.0
LKTQPR,1.0
LWYLDD,1.0
WNIAEE,1.0
IKYRLR,1.0
EGTDEATE,0.0
AVLIHDD,0.0
IFYDD,1.0
GIITGEE,1.0
GILAAEE,1.0
SHWK,0.0
KQVR,0.0
LFLGKGR,0.0
PNAQR,0.0
YSGYPVPK,0.0
LLMDTGD,1.0
VVIIKK,1.0
TEISAADGMD,0.0
LYMGDTD,1.0
TYLQK,1.0
VVILQDD,1.0
MAHAQQNMD,0.0
IFVKK,1.0
YMLK,1.0
YMTSR,1.0
SIMR,1.0
MYFK,1.0
IMWWDDD,1.0
FALGETD,1.0
QGFLLR,0.0
SLIATGSNGEE,0.0
GYPR,1.0
RMYLMLNR,0.0
AILARKK,0.0
ALSAD,1.0
FIIGAGEE,1.0
LSISGDD,1.0
YIIMNDD,1.0
VSLGTGEE,0.0
VIVIGKK,1.0
WWNAFEE,0.0
AIMKKKKQNK,0.0
WWATDQE,0.0
VYFE,1.0
IWIGNED,1.0
NMDYFMLD,0.0
WVYDD,0.0
KLAAIAK,1.0
SLILSGDD,0.0
LISSLSEE,1.0
LKSVQIR,1.0
QHMSYE,0.0
VIISVAEE,1.0
FFVK,1.0
IFWYQED,0.0
FSPTDE,1.0
FIAEGIE,1.0
WWMNWEE,0.0
MEMVSQD,1.0
IISAESGD,0.0
LSQIAYWQR,0.0
YPQMYD,0.0
LALMSDD,1.0
IMLANKK,1.0
ALKFANK,0.0
HTEDASNPD,0.0
IILYDD,1.0
ILASDD,1.0
KPWNNK,1.0
YFWVK,1.0
MLKR,1.0
KMLR,1.0
PNMR,0.0
WLIEAQE,0.0
LLFQIDD,1.0
VFLNTEE,1.0
LPSD,1.0
YMVTR,1.0
WFWAEQE,0.0
FWFDD,1.0
NNHWHEE,0.0
IFSISEE,1.0
YPMD,1.0
AIWE,1.0
GLISDTD,1.0
LVSVSSMAEE,0.0
TGHAMWR,0.0
YFAPK,1.0
QSSE,0.0
NHGK,0.0
TSTGVIGR,0.0
IIGDISD,1.0
IDVLDAND,1.0
VGLFAEDD,1.0
WLWTPAAD,0.0
ALLQAKK,1.0
VTMR,0.0
AQIK,0.0
TPNTQIWE,0.0
FIMIDD,1.0
LILE,1.0
LIMGHDD,1.0
VIKHAR,1.0
LIMYDD,1.0
AALIFAEE,1.0
DPAPSQD,0.0
ISIGTEE,1.0
IVIFKK,0.0
ISLGDVD,1.0
LFEDFD,0.0
WWQATNMEE,0.0
WLNIAEE,1.0
VIVLHEE,1.0
KAQSTTFK,0.0
WSPK,0.0
GAWAAEE,0.0
WWSED,0.0
LMMIKK,1.0
FGSLYQLNR,0.0
LFAAVED,1.0
GIIVDEED,0.0
FMMVKK,0.0
MFIK,1.0
ILFDD,1.0
WLANATEE,0.0
DVFD,1.0
IKWR,1.0
VSAVSGEE,0.0
IGIIGKK,1.0
WLWK,1.0
MFAKAIK,1.0
TWGE,1.0
LFEGSID,1.0
LAFTD,1.0
FIIMEE,1.0
GQKFWIAK,0.0
TYNANK,0.0
VHVADD,1.0
LLFSLDD,1.0
WMPKWQWKQK,0.0
WLTK,1.0
HFGMNVSSE,0.0
ILHSK,1.0
FMVIDTE,1.0
SHIQD,0.0
VMLKTSK,1.0
WEEEESHMD,0.0
VVVYDD,1.0
TPYTAKTK,0.0
LFQYEE,1.0
GHWIHFRWR,0.0
WVMMEE,1.0
FWIGD,1.0
LFHFEE,1.0
LYSFPLIGQR,0.0
YKLFWMLR,0.0
FYLPGR,1.0
GVYQK,0.0
SNKPNTYFR,0.0
IIFDGEE,1.0
ILAVVDETHD,0.0
SYNFKILSK,0.0
PPVKK,1.0
ALLKKQR,1.0
AAIIKGK,0.0
AAVAKKK,0.0
MMWWQRK,0.0
EWHAE,1.0
VTIFDD,1.0
PTLPMEDD,0.0
ALWNYDTYD,0.0
FFFMKK,0.0
VGRK,0.0
WIMTFLGR,0.0
YMVMAR,1.0
VMWWKK,0.0
YAEAEHSED,0.0
LYIEE,1.0
SMIGGSEE,0.0
LSVIVDD,0.0
EYLAPFIIE,0.0
NVSPIIWK,0.0
MFLDD,1.0
EVGVEGGD,0.0
VLAMVDD,1.0
ILMAPMR,1.0
VAFLDAE,1.0
IMSVDAD,1.0
FALLEGE,1.0
WLIENED,1.0
PGWLVNKMLR,0.0
WWTNAASEE,0.0
ISFGGGEE,0.0
GAIFARR,0.0
VVFGESD,1.0
KLLVIR,1.0
MMFTAED,0.0
SPLK,1.0
WYMK,1.0
MMYLQEE,1.0
VKNSK,1.0
VLLSQAELD,0.0
VLELVSE,1.0
ITTR,1.0
LIETITE,1.0
VATIR,1.0
GITVGDD,1.0
ILYAADD,1.0
IGIGTSKK,0.0
LDSGYIQFME,0.0
WYDYNSD,0.0
WIMME,1.0
IFILDD,0.0
FWVEE,1.0
DAWWD,0.0
MALASGEDME,0.0
YTHVMYYK,0.0
MVYSVDD,1.0
DFLVASE,0.0
LIDWD,0.0
MLGSSTEE,0.0
YGMTRFPK,0.0
WWIMDD,1.0
AYYED,1.0
MPVPRKYMQK,0.0
GIITDIDE,0.0
ISIIAGDD,1.0
HEEID,0.0
WFYEE,0.0
VFYGEE,0.0
MYLDME,0.0
YIGGD,0.0
LMFHIEE,1.0
VISGVSEE,0.0
HLIK,1.0
KIYK,1.0
GTQNRWHR,0.0
YMMEAAD,1.0
LLMNTKK,1.0
IKMAFK,1.0
PTKAQK,1.0
YMYLED,1.0
LIWITE,1.0
SISLEPSYE,0.0
VEHNATE,0.0
KNQTRVYPRK,0.0
NDYTPD,0.0
PSSQFIK,0.0
DMMMEGHDD,0.0
PTFTSE,1.0
WPITIGD,1.0
YWHR,1.0
WYARRAAWTR,0.0
IFNGKK,1.0
GVWYE,1.0
ILSGTTED,0.0
MIILQKK,0.0
LVHPD,1.0
WNWNAEE,0.0
WVMFDD,1.0
LLAAFDD,1.0
IFSYVYGK,0.0
AGIITKK,0.0
ANLTYPR,0.0
KSPATNAK,0.0
MISMSEE,1.0
LFMWEE,1.0
YVLIKK,0.0
GVAGTAEE,0.0
VLDSIDD,1.0
NLHVHIHD,0.0
HFKGINMK,0.0
MAFTD,1.0
YMKMR,1.0
WYYEESE,0.0
WLNNTLEE,0.0
GLIGDDEE,0.0
IVGSVTESSE,0.0
YVEAIAE,1.0
ILGISGSEE,0.0
VFVASRR,1.0
VQEWPHE,0.0
PTYSHQD,0.0
VTFEED,1.0
YVWEE,1.0
QFRR,0.0
SMQMLE,0.0
FAIR,0.0
LMWVEE,1.0
YIYYDD,1.0
MLTMDD,1.0
WFNHRR,0.0
LGPLGE,0.0
LLKSLNK,1.0
KANYK,0.0
LGWME,0.0
PWFHR,1.0
LFIIEE,1.0
IIYEE,0.0
RIWR,1.0
IIIVSSDD,1.0
TLPRK,1.0
IFYWMEE,1.0
IGSITQEE,0.0
ILIGEHE,1.0
SWNDAD,0.0
FLYNVDD,1.0
LYGAIDD,1.0
KRFFR,0.0
GFVMSSHMR,0.0
STWMYADYEE,0.0
LILSRLK,1.0
GLVSLSEE,0.0
LFMLVK,1.0
ILYLEE,1.0
IIVSSSEE,1.0
IIGMADAAD,0.0
AAIWDAE,1.0
ALIQAKK,1.0
GNGMQVK,0.0
MFRSR,1.0
IIAVSKK,1.0
IIMLDATE,1.0
IEFDGGE,1.0
LVFRR,0.0
IVYGMDD,1.0
HNGNYVHWWK,0.0
IFIIEE,0.0
ILTGKAK,1.0
VALID,1.0
WVKAK,1.0
NDAHDHVD,0.0
FMKWKMK,0.0
EGNE,0.0
IYFDANE,0.0
IWIMEE,0.0
FWVFKK,0.0
IIWMEE,1.0
IYWR,1.0
GTSNRFYK,0.0
LPATGESAPE,0.0
FLVTDD,1.0
VVMFKK,1.0
TVFR,1.0
MAYVQDD,1.0
GLIGSEE,1.0
LFAKNAR,1.0
MGHGMHNED,0.0
GYKVKAMPR,0.0
LGMISEE,1.0
ILQSSADELE,0.0
LWFQKK,1.0
MGGLFKKKSR,0.0
WFPIPTID,0.0
AIAIARK,1.0
WNMEHVNNID,0.0
VLGAVAEDLE,0.0
WSYQD,1.0
WLLKK,1.0
GIIGETD,1.0
IGVHR,1.0
GRIMLNAK,0.0
FVAFAEE,1.0
HDNNE,0.0
VLLAGDTLE,0.0
WYYDNMD,0.0
KMHPK,1.0
IWFYRR,1.0
LYMQDGE,1.0
WVMAAHFVQD,0.0
MFYMWEE,0.0
WSLPPNHMTE,0.0
FMWMGD,1.0
FIWFEE,1.0
ITIIGKK,1.0
VFMDDED,1.0
VFVMDD,1.0
YWMSE,1.0
WWIASADD,0.0
ITIYAFRK,0.0
IFAQMDGE,1.0
WYARR,1.0
LMGHAEE,1.0
LVYGRR,0.0
GLYPSYEFPE,0.0
MIVEISD,1.0
VWYKK,0.0
FIFLDD,0.0
DAMD,0.0
MIFLEGD,1.0
LVVWNDD,1.0
KIIIITK,1.0
WKNK,1.0
MMPELEGE,1.0
IFIVQDD,1.0
QEVLD,0.0
KMVK,1.0
QYVNTK,0.0
ELAAGSEE,0.0
VVFFKK,1.0
ISLAGTQEE,0.0
FIWMKK,0.0
FAIEE,0.0
FFEWMQE,0.0
IFFWDDE,1.0
MLFMKSK,0.0
NSVTME,0.0
NHMGFQIVQD,0.0
ITPGK,1.0
YVIE,1.0
ALALKSR,1.0
AIIGADAIE,0.0
LAKIASR,1.0
LFWIDD,1.0
WVRTMQK,0.0
VSFK,1.0
VFLYRR,1.0
ALKFYIPRWR,0.0
ISKVNNTGLR,0.0
VPMMVPR,1.0
WFYLD,0.0
LMLD,1.0
GILAGKK,1.0
HPPPE,1.0
IWWDHME,0.0
LLISTKK,1.0
HSFAPLLE,0.0
ILLLKK,1.0
WFFMEE,1.0
TLVIAEE,1.0
VIFVKK,1.0
DMPSTE,1.0
IVVNAKK,1.0
LASGK,0.0
WVHD,1.0
IITSK,1.0
HYIAD,0.0
VELQMD,0.0
AAMLKAR,1.0
LILTDVD,1.0
AVLQAKK,1.0
SMGTQRPFR,0.0
VRKMVK,0.0
FVFKK,1.0
VYILEDE,1.0
VWMWYEE,0.0
WMIRR,1.0
WMVDD,1.0
WIEIASEE,0.0
IGLGGSEE,1.0
HTRNK,0.0
LNANVIPQND,0.0
FFMGNEE,1.0
WIFLEE,1.0
FIMDNTD,1.0
KYFSIRWNMK,0.0
LEIMSQE,1.0
HTPMSTMRMR,0.0
LISASQTEE,0.0
FEEE,1.0
ILWMK,1.0
QHAQHVGRAR,0.0
STETYFE,0.0
WMED,1.0
ILGSIDD,1.0
LMGGASEE,0.0
IDFAVAD,0.0
ALTPTQE,0.0
VSVMAE,0.0
WEEIEEGE,0.0
VWVVEE,1.0
FMHD,1.0
YYPWE,0.0
WDSVLD,0.0
LFFIDD,1.0
LMFVSRR,1.0
FFKR,1.0
MIMVGKK,1.0
LGMMSDD,1.0
IGLSGDD,1.0
FIIKK,1.0
AFMVE,1.0
FWWAEDD,0.0
WWASQEED,0.0
IFNYDD,1.0
ILLQKHK,0.0
VIWEE,1.0
GVLAKK,1.0
DFMMVVDSHD,0.0
DLPWHTINE,0.0
GVFSKNK,0.0
IGLVSGEE,1.0
KWWK,0.0
LMFMKK,1.0
IIHGSSEGEE,0.0
ALIQKKR,1.0
ILDGYMD,1.0
YQNME,0.0
EDFHTND,0.0
WEFEWME,0.0
GPIPAD,1.0
LMHMEGD,1.0
VMIWASGNK,0.0
WTPGME,0.0
MLALHEE,1.0
IAPHYE,1.0
IVYD,1.0
IGLGDSD,1.0
GIITDLE,0.0
IAEID,1.0
FYVKK,1.0
LDEWE,1.0
PQWIRK,0.0
VLVMHDD,1.0
THSPE,0.0
IFLSVDD,1.0
VQIE,0.0
IISSIEE,1.0
AALMAKK,0.0
WEWEMFE,0.0
QLNPITK,0.0
FFMEE,0.0
DGHYDSYDPD,0.0
QTHKQPPR,0.0
AILMKK,1.0
WLFK,1.0
VLLMEE,0.0
LFLTVDD,1.0
MVSSGVEE,0.0
WYGISWK,0.0
NVFMTYYNGE,0.0
AFPVHRANAK,0.0
VWWGD,1.0
IVMWKK,1.0
MMFMKK,1.0
KVQLAR,1.0
LPGRYSIKK,0.0
FISLNDD,1.0
YSIR,1.0
DGDWTAED,0.0
YKTANSFQR,0.0
RFAHTHK,0.0
KFAPR,1.0
ILVLKK,1.0
GWWPTIQAE,0.0
IWIFWEE,0.0
IDEYTGE,0.0
MEESIPTE,0.0
ILAKKAALR,0.0
KQMIIKHK,0.0
VIWE,1.0
NTHD,0.0
FFKNR,1.0
WMWRR,1.0
DIYE,1.0
EWYE,1.0
YWVR,1.0
ALVMSRK,1.0
YNWE,1.0
EVFEGTE,0.0
GPTSIVD,0.0
FPGDAPNAE,0.0
LMDSD,1.0
VISSAGKK,0.0
YVVADLE,1.0
LSNTYD,0.0
ILVMKK,1.0
LIGYIEE,1.0
PFHPEE,1.0
VWWIE,0.0
FIIDAVD,0.0
VPSMESTFE,0.0
ALLLNSDD,1.0
VVFLEE,1.0
WQFDD,1.0
VSLGSAEE,0.0
FFAMQEE,1.0
WWAE,1.0
AIAKGRK,0.0
FAHLLLMR,0.0
FFEIDGE,1.0
IIGLGSKK,1.0
AAVLLTEE,0.0
NYIFYMPD,0.0
ITLVTDD,1.0
WNQAYTK,0.0
IWAHQR,0.0
LMYVHE,1.0
INEAMENSDD,0.0
MILDYQD,1.0
MMYWKK,0.0
IVTLTEE,1.0
WLMDID,0.0
ILGTDEGGE,0.0
WWMNDD,1.0
FMLQDDE,1.0
IIVEE,0.0
ILMPTARKK,0.0
YAVGKWNLLK,0.0
AGIVAAEE,0.0
LAMVGADLE,0.0
IVVMKK,1.0
FKKK,1.0
MYMHGD,1.0
WLIANQEE,0.0
HLPR,1.0
AITID,0.0
FASIR,1.0
YINSK,1.0
LWYDD,1.0
QMAQLRKAK,0.0
MGWGHIVE,0.0
YWDYADE,0.0
MAFK,1.0
FFWIKK,0.0
IGVGTEE,0.0
TVPMTK,1.0
LLWFKK,1.0
HMVPYK,0.0
ISHK,0.0
IFLEE,1.0
DMLTDLPMEE,0.0
GIAQWDE,1.0
VFVR,0.0
LWEFD,0.0
AAILDTQE,0.0
YLID,1.0
VVSVADD,1.0
GPTWASQVRR,0.0
NVLAPK,1.0
FIMSQDD,1.0
WWTRNMK,0.0
AQQFALAK,0.0
IAISGASKK,0.0
AMFE,0.0
ALVSAKR,1.0
PQVTSSE,0.0
MFGMDTD,1.0
QVTYFMHTWD,0.0
IYFVYQTQR,0.0
AVARKAK,0.0
IVWE,1.0
WENVEQE,1.0
SYLD,0.0
NVALQTTAD,0.0
WWVDD,1.0
MWGED,1.0
KYIPWQWPK,0.0
VEFE,1.0
FILDD,1.0
LWGR,0.0
VSSLGAEE,0.0
WIWNNEE,0.0
TSALVMYLPR,0.0
AASSK,0.0
MVIKTAK,1.0
ILGNSNSWR,0.0
WIMKK,1.0
NMDE,0.0
GLALADD,1.0
IIFHHDD,0.0
EWMIWMD,0.0
IVMAAKK,1.0
AIAIRKK,0.0
EILLNSD,1.0
FSHNFHYWE,0.0
WIPHFKRNSK,0.0
IWWDEQD,0.0
VIMHKK,1.0
LVSTILDD,1.0
IISGLADD,1.0
HGMVIGIK,0.0
WYKRAMK,0.0
ILIMVTDD,0.0
AIIAGKK,1.0
VMLSGSEEMD,0.0
GIIGADD,1.0
DASE,0.0
IGVISDD,1.0
IVYAEE,1.0
VMFLEE,1.0
LISAASQEAD,0.0
MKLK,1.0
WLLNSNEE,0.0
MNPRPLWAR,0.0
IFVQTKR,1.0
PMYRKR,1.0
MYTIED,1.0
VLMTQKK,1.0
VFEIYNE,1.0
WLIFEE,0.0
SGRQTLNFR,0.0
KGWTR,0.0
IWMFKK,0.0
IKFPK,1.0
HILFYFSLK,0.0
LNPNR,0.0
PLAKHK,0.0
VVWWDD,1.0
KQFIGGSLLK,0.0
YLAYK,1.0
DWMD,1.0
IYQWDD,0.0
VGILQADD,1.0
NHKIR,0.0
WWHTQEE,0.0
VIKVGSK,1.0
KKRYR,1.0
WMEWNWE,0.0
AFIAGEE,1.0
KHSHWGLRR,0.0
WEEEIADD,0.0
NAPTLYVTR,0.0
MFFIDD,1.0
AALWAGEE,0.0
GGIIATEE,0.0
IVMDGDE,0.0
LIYYARR,0.0
AMGLAKK,1.0
LFILE,1.0
IISMKGR,1.0
WNWEE,1.0
WWNDAME,0.0
LIAMAAVDD,0.0
IIDVTYD,0.0
LPFK,1.0
LVLGDDD,1.0
MGMLSDE,1.0
MNSR,0.0
YMPR,1.0
SHRHAYVR,0.0
GILLAKK,1.0
SKYKLVNTRK,0.0
ALIAKQR,1.0
FINDHNQEE,0.0
DLSLISDAME,0.0
MMDGYD,1.0
MFWWMDE,0.0
AMAWKRK,0.0
IFSAKK,1.0
IMLLDGD,1.0
FMPWFNK,0.0
THSEIAE,0.0
ILAYSEE,1.0
PWMR,1.0
AIGMKKK,1.0
VLVMAALDD,0.0
HVHTPAQE,0.0
IGSLDME,1.0
QQFPYPWAWD,0.0
LFTVARR,1.0
AHTPQHHR,0.0
WFYTDD,0.0
MIVE,0.0
GVAIAKK,0.0
WYNQDDE,0.0
VLSAGSQEE,0.0
PMPR,0.0
YIRVR,0.0
YIMYDD,1.0
WWEANDE,0.0
MFAKK,1.0
GYNID,0.0
LWYAME,1.0
IQYK,1.0
MQAHWTFPNE,0.0
IMVMEE,0.0
AAWVQEE,0.0
LMVFR,1.0
IIGMSDD,1.0
WFIR,1.0
WTYD,1.0
GIISGEE,1.0
EHYE,0.0
IVVMTDE,0.0
LWIVKK,1.0
FLYATNVSLK,0.0
IIIGSSEE,0.0
AEAVDAPNQE,0.0
GLISTTEE,0.0
FWIDD,1.0
MLSD,1.0
IALMDSD,1.0
ALAMKAR,1.0
LMMHTVE,1.0
EEITQFQE,0.0
GAMWAEE,0.0
LMSSIYDFAE,0.0
MLYTK,1.0
VSLSGEE,0.0
AHWGD,0.0
GIIGVTEE,1.0
ITPNQRVK,0.0
WWAWEE,0.0
LYLLNDD,1.0
WLWQEEE,0.0
WVRPKAFIYK,0.0
SNGPVIWYR,0.0
LLMTEYVE,0.0
FMMFEE,1.0
IFIEYAD,1.0
LIAKK,1.0
SILSITEE,0.0
LKMK,1.0
LMFWEE,1.0
YSVLE,1.0
FFIWMKK,0.0
LLYITDD,1.0
FILSIDD,1.0
FMYAIEE,1.0
MIWVDD,1.0
YLGSRK,1.0
IIYDGVE,1.0
DIND,0.0
VLITDAD,1.0
YSTTDE,0.0
IVIGSSDE,0.0
VVWVAEE,1.0
LLSGGEE,1.0
LVWVDD,1.0
GVNFVE,0.0
QKNGQK,0.0
SWFE,1.0
GMKKRK,1.0
FPTQQPNDGD,0.0
ALMSGEE,1.0
IAMARK,0.0
SVIAASQEE,0.0
GIVIGDD,1.0
AFWHIFD,0.0
VLSVGKK,1.0
KNWLVVQQKR,0.0
ELSLGAAE,1.0
NEGMANLD,0.0
LMLEAND,1.0
GLAAKK,1.0
WMLMEE,1.0
LLTVSGSEE,0.0
SINLRVIKK,0.0
ALELDAE,1.0
WEENTEE,0.0
WMMDD,1.0
WYYETNE,0.0
FLGQDD,0.0
QLLSD,1.0
PQVAMD,0.0
ILYD,1.0
GHTVKR,0.0
LWVWDD,1.0
AVAAWKK,0.0
FLIQQKK,0.0
LIAGTASVEE,0.0
VPQWE,1.0
HMSVHD,0.0
IISSGDD,1.0
PVFHPK,1.0
WYYRASR,0.0
WPKSAQR,0.0
VGPVE,0.0
IWMAK,1.0
AIIKK,1.0
WIWNEAE,1.0
MEVQFD,0.0
MKRLHK,1.0
LQEMEEE,1.0
MIYALEE,1.0
VKSKIR,1.0
ESQNLE,0.0
YEEPE,0.0
TTDGE,0.0
WIYK,1.0
VDMD,0.0
PLFFR,1.0
VLSSGRAAK,0.0
MLFKTGR,0.0
LILELEE,1.0
SHRWAWQK,0.0
VELMAAD,1.0
WYYQNEE,0.0
GIKAQKK,1.0
GLLGADD,1.0
STVPHPR,0.0
LSLDDD,1.0
VMLTNKK,1.0
LFGYDD,0.0
SIILSDMED,0.0
GFTHVKR,0.0
IGVPAIDND,0.0
VNKIGNSFK,0.0
ALLMANEE,1.0
WWISAEIE,0.0
LYYSWSHK,0.0
FMVDASE,1.0
ISPVSDE,1.0
FWQK,1.0
IKIYGAR,1.0
HIINK,0.0
VMVWDE,1.0
FPMHK,1.0
VPYE,1.0
YAIGAK,1.0
VVIHDIE,1.0
IHLEE,0.0
IAFFARR,0.0
TFMNVGYE,0.0
WYKRNMK,0.0
LVRWMR,1.0
VFYGADD,1.0
FYFRR,1.0
IMVWEE,1.0
LIGSDGGE,1.0
AAMEEWE,0.0
IWIEE,1.0
GMAWAKK,0.0
LTLDWD,0.0
LYAIVEE,1.0
VLLTAKK,1.0
WEEWEEAHFE,0.0
IALIGSEE,1.0
PIMTGPD,1.0
ILSYQDD,1.0
KIIQLAFMR,0.0
MGLSTSEE,0.0
LITSDD,1.0
LYIVDSD,1.0
GIYR,1.0
QYMLWMMIQR,0.0
SLPHAWIQMR,0.0
LTFVEGD,1.0
GRAQWQFKK,0.0
WYYQDD,1.0
LLIMEE,1.0
PGVKWK,1.0
WQADEAEE,0.0
LWVR,1.0
MHVIE,1.0
IIVWKK,1.0
GIVIGDD,1.0
EIVGTQVE,1.0
MVFKAKR,0.0
FVIAKK,1.0
LAFFEQE,1.0
FVIGNDD,1.0
IFSAIR,1.0
LFIEE,1.0
KFQMMR,1.0
RKNSFMHR,0.0
IMEFSDD,1.0
ILMTAEE,1.0
IPKK,1.0
MFWYEE,1.0
WWNMATEE,0.0
PPRMPVWMMR,0.0
IAHD,1.0
FFLFKK,0.0
IFSIARR,1.0
SVLTQGSEE,0.0
QTHTD,0.0
VFIIDD,1.0
GNNGMQD,0.0
FIYR,1.0
WKYANNK,0.0
ENQLID,0.0
MLYMADD,1.0
QSFDE,0.0
EEWD,1.0
LIFFKK,1.0
ILYMQEE,0.0
AAFWAEE,0.0
VVIVRKK,1.0
IQITIRK,0.0
EPVHMD,0.0
PHFD,1.0
WFNYRAK,0.0
AFELD,1.0
AGNVD,0.0
VIIMTKK,1.0
VKMFTR,1.0
SILVVYVE,0.0
GAMIAAEE,0.0
KFWHMK,0.0
MFIMWGRLKR,0.0
RIFSYPR,0.0
WVVHE,1.0
LDNINGNMMD,0.0
LLWE,1.0
GLIAAKK,1.0
VMMMSKK,1.0
NSHASTE,0.0
NSYLRK,0.0
IYMK,1.0
FVLWEE,1.0
IYWEE,0.0
IFLEISE,1.0
MMFEE,1.0
IISIGSDD,1.0
VHQK,0.0
IIAVDSEIE,0.0
EYVGDGE,1.0
PQWHD,1.0
LFYFR,1.0
YIPHK,1.0
KWLHIFNFK,0.0
APFD,1.0
LLIFEE,1.0
NLAHE,0.0
FEWEWEE,0.0
WLNAHAEE,0.0
MMMVAKK,1.0
LLIYRNR,0.0
GSSQAWIHE,0.0
LTLMIDD,1.0
YFYQDD,1.0
MTFEE,1.0
DMHND,0.0
IIGGDTD,1.0
VWHAD,0.0
GIAVKAR,1.0
LDFMAMD,1.0
ILQAKK,1.0
VFMVSDGE,0.0
LYFVAED,1.0
LLKLSSR,1.0
MFMFKK,0.0
GLALAAEE,1.0
SIPRMK,1.0
SEYWTE,0.0
ISMLGDD,1.0
PIVYHWGKR,0.0
IMVWSE,1.0
LMSMSDD,1.0
LVYAKAR,1.0
VWDQEE,1.0
WMSSGPVSPE,0.0
SSPDD,0.0
AIIAQKK,1.0
GYYQTK,0.0
NIFK,0.0
WQMPNYD,0.0
ALAKAKR,1.0
VMIAAKK,1.0
PMWVHD,1.0
MIAID,1.0
IVWVDD,1.0
WWEMANMD,0.0
IVLKRVK,1.0
AHQWHPD,0.0
WYLYWNE,0.0
APTQEDMFE,0.0
MMDMTAD,1.0
PWFLR,1.0
PWQD,0.0
RYTFIGR,0.0
PGPLFGTK,0.0
MVSIADD,1.0
MKLMTK,1.0
LVSSGVEE,1.0
MMYYHYNWR,0.0
VIFIKK,1.0
RQKHHHQK,0.0
FIKR,1.0
FFMMEE,1.0
WTWIVKHGR,0.0
PMSGFE,1.0
VLIDDGD,1.0
YWYAEE,1.0
PVEMNYE,1.0
GLSVGGEE,0.0
LKTK,1.0
FVWIDD,1.0
IVYGVED,1.0
LWYD,1.0
LIVFDQE,0.0
GIFK,1.0
QGRR,0.0
IGVHNR,1.0
WLQAAED,1.0
GWNVK,1.0
WVTKK,1.0
KGFHPNSK,0.0
HFMFYDFGLE,0.0
LFWWEE,0.0
LVMVKK,1.0
ISIGGEE,1.0
VVLKTSR,1.0
MTMSTYYNR,0.0
LVGVLMDD,1.0
FAMIEDE,1.0
IFFMDD,1.0
MMKWMWK,0.0
MITLSDD,1.0
ILMFKK,0.0
WWEEAWME,0.0
VIKR,0.0
QEEPEE,0.0
VLTVALDD,0.0
ITYRR,1.0
AWQK,0.0
MKLSLR,1.0
WEEENQEHE,0.0
SKVR,1.0
SAQEYMD,0.0
ILLGMDD,0.0
PGSPIFE,0.0
MWTWDD,1.0
WEEIADE,1.0
VLYGIDD,1.0
SHWTWFD,0.0
YPMPFSE,1.0
ILLRTGK,1.0
VPAGYR,1.0
AILITAEE,1.0
WYLEE,1.0
MWMWFEE,0.0
ANMQK,0.0
NIFDDD,1.0
EFYQME,1.0
FIFFDD,1.0
GGITDD,0.0
HIRWWHRLAR,0.0
IVLVASDD,1.0
LVIGNKK,1.0
LVVKK,1.0
LFMETQE,1.0
TTILALGIQE,0.0
WSSGYHWAR,0.0
IIVTIADD,1.0
GLYVQTR,1.0
VEMVSSD,1.0
AFNHLD,0.0
DMANSE,0.0
IVMAFGDD,0.0
AIALADE,1.0
VLKAGAAFIR,0.0
WMKMWKK,0.0
DFVIASE,1.0
VNKR,0.0
KQQVILTKR,0.0
LPFNKK,1.0
FLVEQTE,1.0
LIYR,1.0
MPID,0.0
SFPEGYMQD,0.0
MVLDGNE,0.0
WWDNDGE,0.0
GYLSIQDWD,0.0
WLVR,1.0
ILAALPGE,1.0
VMISAQDD,1.0
TSLVTNNPD,0.0
FLKK,1.0
ILKGAVR,1.0
PTKR,1.0
IGVGFDD,1.0
FMVIEE,0.0
WFIWEED,0.0
PLLQD,0.0
PWPK,1.0
TWMGE,1.0
RAPFQK,0.0
VFIHDIE,1.0
PGPFLIK,0.0
IMTYEE,1.0
LFFTNDD,1.0
WLQEAAD,1.0
YILAADD,1.0
PEYPME,1.0
IVAYQADILE,0.0
ILTK,1.0
DWAWVSND,0.0
PFYLK,1.0
IIGGSAEE,0.0
LMVMEE,0.0
LLSGGTDE,0.0
ILRPK,1.0
FFWMWEE,0.0
WVYED,1.0
EPANIIIWE,0.0
LYADIAD,1.0
NLAWK,0.0
YIITKR,1.0
LWGFD,1.0
PVYMVMIR,0.0
GIIAAEE,1.0
VPLETPD,1.0
PLID,1.0
LVAIQVEE,0.0
IMGSIFIAIK,0.0
VYHMMR,1.0
EYPD,1.0
IWKILMAAR,0.0
ILHIQEE,0.0
AALIEAE,0.0
FLMR,1.0
ILGSSDD,0.0
ALYK,1.0
LLFSMDD,1.0
ISLGSDD,0.0
ALGIAKK,1.0
AAVLVKK,0.0
MWFFEE,0.0
TMYPDD,1.0
LFFR,1.0
IIMSADD,1.0
WQIEAEE,1.0
YVAIDAD,1.0
IGVGSSEE,0.0
ILAGGSDE,0.0
LLDWWDE,0.0
WWAQSEGE,0.0
AFIARR,1.0
IAIKK,1.0
PFNISK,1.0
WGYFPGHYLD,0.0
IIGSTTEE,0.0
IISSLEE,1.0
VQVSSGEE,0.0
MFLSSEE,1.0
MIWWQED,0.0
WWNTAAEE,0.0
ILWFEE,1.0
QTNSGSDE,0.0
AYGMMFGIME,0.0
VLLR,1.0
WYFEE,1.0
MFFWEE,1.0
LMIKRKK,0.0
DYFVEIGSWE,0.0
LEAELGD,0.0
VVPWYD,1.0
VNQPIYGFME,0.0
VVVFDQDE,0.0
MPDPLD,1.0
LVLWKK,1.0
GIVAKK,1.0
IIALTTLMID,0.0
GMGTNK,0.0
VILNGKK,1.0
GIAKMTK,0.0
AILAKTR,0.0
QPLTYHKLR,0.0
LSVVGSEE,0.0
FLYFDD,1.0
RTYKK,0.0
ATRR,0.0
ILVASLEE,1.0
AWYKSSVNR,0.0
YSAKGQGK,0.0
LFVKK,1.0
PPWK,1.0
VWFE,1.0
FHWD,1.0
YMVRVMK,0.0
GNHFK,0.0
SLILGTDD,0.0
WRTR,1.0
EYMSE,1.0
KQPKTLMGR,0.0
FMIHEE,1.0
GGVTWGR,0.0
AFFNKAPR,0.0
IVVVKK,1.0
AKLAAKK,0.0
GIMPSFMDD,0.0
ILLDASD,1.0
IGVYAEE,1.0
FVIKK,1.0
PYSQK,1.0
DHHSWHPEE,0.0
IIIEDFD,1.0
LLTGGGEE,1.0
WDYYNND,0.0
LFALEE,1.0
ALWGD,1.0
FMYQMDD,0.0
LAIMWQE,1.0
VAVGTKSSGK,0.0
FMITNED,1.0
IIMAWRR,0.0
LFMVRSR,1.0
IIIGSKNSQK,0.0
PSAVFTQEWE,0.0
VMFIKK,1.0
PSEANMQTLD,0.0
YSTMD,0.0
TIQTKTK,0.0
WEENNEME,0.0
SWLR,1.0
WVINTID,1.0
IGLTGDD,0.0
LVFSIWWHNK,0.0
FFWMIEE,0.0
KIMAPGR,1.0
PVLITD,1.0
SLIIGSEE,1.0
IFYWDD,1.0
LILWEDD,1.0
VIELNIMD,1.0
LAFMKAK,1.0
VAPTID,1.0
FMFMEE,1.0
SPTPR,0.0
MLFMEE,1.0
IFMSRAK,1.0
IWIPEPME,0.0
GILKAKK,1.0
IHID,1.0
FITKK,1.0
LGDDFE,0.0
LPSPHDAD,0.0
FMVFDSE,1.0
FLSR,1.0
GIMKAAK,1.0
TVVIK,1.0
MFMIEE,1.0
ILLQDD,0.0
IIGLSGED,1.0
VLHMEE,1.0
FTWE,1.0
WHNPQE,0.0
IGIVDSE,1.0
NFPGNDD,0.0
NVNIRR,0.0
WWQTAEE,0.0
WNWR,1.0
YVHR,1.0
LVLGSAADLE,0.0
LYYFRR,1.0
SIITDGGGE,0.0
WLSWPAD,0.0
MYWGR,1.0
LRVMSAK,1.0
SWLD,0.0
ILVAFEE,1.0
APTD,1.0
WMWMEDD,0.0
WPTAPKAGNK,0.0
PKFFLR,1.0
ILLGAAKK,1.0
VPVNSDME,0.0
LYFNNVK,1.0
QIWHE,0.0
LLLYEE,1.0
GIAAIDD,0.0
VHSFE,0.0
LPYE,1.0
IIGSTMESD,0.0
ILEVISAE,1.0
AAFLDAE,0.0
SVLNQD,0.0
FVALMED,1.0
IVQTAWNWK,0.0
YSYD,1.0
IISIGDD,1.0
WLADD,1.0
VMYDPE,1.0
NTPTK,0.0
LLVRGGK,1.0
QHRFYPPLFR,0.0
LGYK,1.0
FYVR,1.0
IVAASGSSKK,0.0
VFWWDEE,0.0
PSWVDNE,1.0
MMVWWWEE,0.0
KILSHK,1.0
MFEFADE,1.0
GLLLESE,1.0
VWWVMWEE,0.0
VITLVDE,1.0
MFWFKK,0.0
QRRGLR,0.0
ILSIIKR,1.0
ILIITKR,1.0
SVMSSAEE,0.0
FLAAEVD,1.0
INMMWNVKK,0.0
ILSVEVSE,1.0
VSLQSGEE,0.0
YLDFNE,1.0
PHILGIE,1.0
WWFTNAEE,0.0
IKRWR,1.0
FLRVK,1.0
VLASAEEAE,0.0
IKHKR,0.0
LISIGTEE,1.0
GIALAKK,1.0
INWMHVD,0.0
LMIFEE,1.0
EVQNLIDIVD,0.0
TVGAMTQE,0.0
PMMATIK,1.0
RYHK,0.0
LLSGLGEE,1.0
WLQNAAKK,0.0
NIYR,0.0
QYTHKR,0.0
FMWHWEE,0.0
VLIAIED,1.0
LSLSTAAEE,0.0
ALAAKK,1.0
LVVGASESAE,0.0
GWSE,0.0
IIDVASGLLD,0.0
TMFFHRVK,0.0
MLNRTPK,1.0
TWYR,0.0
LEYVDND,1.0
MLGSIEE,1.0
NQYD,0.0
LMAIKK,1.0
GDFND,0.0
LTYPTME,1.0
LIAMSRR,0.0
MFWEEWE,0.0
IAVLRKR,1.0
TGIQLVD,0.0
GILR,0.0
AGMWAEE,0.0
YVWD,1.0
IAVIKTK,1.0
EIFGSIME,0.0
WIEEASANE,0.0
IMIKK,1.0
EFTE,1.0
ILGISEDE,0.0
AYIEGGD,1.0
KHKKIR,0.0
GLVSGDGE,1.0
WNTYVPR,0.0
VLYINKK,1.0
WWDAE,1.0
ALTPK,1.0
FAQIQNR,0.0
IALLGSGEE,0.0
LHIK,1.0
ILEFTEE,1.0
YMYVYMVSD,0.0
VWVMDD,1.0
SIITDDDE,0.0
PVVFTNVHK,0.0
ALKAK,1.0
QHYK,0.0
WFMIEE,1.0
ALLMSRK,1.0
LSSIK,0.0
IIVWRGR,1.0
WWMEHME,0.0
LMMKLTR,1.0
YWIK,1.0
LLAD,1.0
VVFIDD,1.0
LTIIEIE,1.0
FGFVGE,0.0
HSMAYKK,0.0
MNMK,0.0
ISLGVDD,1.0
YEVWWYGME,0.0
EHMIFE,0.0
LLVFTDE,1.0
FAFGIE,0.0
WWNMDSE,0.0
FGEVD,1.0
WWMDEED,0.0
EIMVHNE,0.0
VIWYWEE,0.0
WYYMTNEE,0.0
VLFHTNQE,0.0
FHNTGGPKR,0.0
ISLITGDD,1.0
YYIGDD,1.0
VWWMEE,1.0
MFMLAEE,0.0
SMLE,1.0
VVFIETD,1.0
WMVWEE,1.0
MIYAAKK,1.0
VSKK,1.0
TFEWQAMD,0.0
PSYK,1.0
MWHWEE,1.0
SYHIAAWR,0.0
VIVLGDD,1.0
FIQLDSE,1.0
GAWIDAE,0.0
WWARSQK,0.0
TWHHD,0.0
IVVANVDD,0.0
VIVLEE,1.0
MLHMK,1.0
VILNKGR,1.0
WVGAMEE,1.0
MVMKK,1.0
LSWVR,1.0
GISISGEE,0.0
WGQE,0.0
MMFAIDD,1.0
LFYNGED,1.0
FYFMPME,0.0
NVGWYIE,0.0
VIWWWEE,0.0
VWYMKK,1.0
GLKLARK,1.0
PSSTR,0.0
LSGFTK,0.0
WWISNNKK,0.0
IVSVLGEE,1.0
FGAYEDD,0.0
WWMAKK,0.0
VIWK,1.0
AIAAWEAE,0.0
RVGFWK,0.0
LLSAVEE,1.0
WIQSNSEE,0.0
GLHNQAD,0.0
WWARATK,0.0
WWMNTKK,0.0
FLSIHEE,0.0
IISLTSDD,0.0
KIIVLFHIR,0.0
FAPR,0.0
FIFGDDD,0.0
VKGKR,1.0
LISESVHYFD,0.0
EFADVGD,0.0
WWEAEQD,0.0
IFVMNKK,0.0
LMWIEE,1.0
ILFFKK,1.0
VLQANIYK,0.0
PADFALEHE,0.0
GFMAKK,1.0
WWMHTEE,0.0
QRAMNR,0.0
AIAGKRK,1.0
FVYKK,1.0
YHYPR,0.0
IKFK,1.0
ELISEGD,1.0
GNVR,0.0
KWRAK,1.0
ALAMRRK,0.0
LVWMADE,1.0
PKITK,1.0
TMFNK,0.0
VIVHLDD,1.0
VYDAIE,0.0
FIMGEAD,1.0
VIGVSKK,1.0
IWWYDTE,1.0
VYIAKK,1.0
WIFK,1.0
MWHDD,1.0
AIIAKK,1.0
GSMAEFSD,0.0
IIGIGTDD,1.0
WWFNTTEE,0.0
GQSKGMGPK,0.0
YFQR,0.0
IFFSMEE,1.0
PGIDISE,1.0
IHMLSE,1.0
IILAVDD,1.0
RPIRTSKK,0.0
IEEQEGPMIE,0.0
QWLGTE,0.0
LWFWEE,1.0
WFKQR,0.0
TAKTRLTMTK,0.0
LMLWWDE,0.0
IIMKGSK,1.0
AIKMAAK,0.0
GIWAKK,1.0
AMKGK,1.0
LPGAGWND,0.0
MAWNIRKIFK,0.0
IVGSASKK,0.0
QNEPE,0.0
TKVK,1.0
AWKK,1.0
LNVLGLD,1.0
HQNMD,0.0
VIDVVSD,1.0
IVQFK,1.0
LLVSDGD,1.0
DIWWDEE,0.0
WEWMFEE,0.0
WWSEAQE,0.0
VEVHQE,1.0
IVMKKSK,1.0
AHHLILHEE,0.0
PLFLHHD,0.0
MLTAIKK,1.0
FYMPR,1.0
YFKAAR,1.0
IIKTGIR,1.0
VITLYDD,1.0
DWWGD,1.0
EGEEEEGE,0.0
MILWEE,1.0
LLIQHDE,1.0
IKLISQR,1.0
WYHVSQRRR,0.0
VAFVR,1.0
YTPE,1.0
MIFQE,0.0
FWEGQPVWE,0.0
GISLDSD,0.0
WELEEAD,1.0
MSAFD,1.0
LMIIADD,1.0
YLTE,1.0
SLYE,0.0
VLWEE,1.0
LHDD,1.0
FEHTITTAE,0.0
LMMEHQD,1.0
AKTK,0.0
PIDMGE,0.0
LLGWADD,1.0
LWTIK,1.0
LVAIETE,1.0
VILYAKK,1.0
WWAWESE,0.0
ILIGTGEE,1.0
LMHNPPE,1.0
VFVTTEE,1.0
ILLYLNK,1.0
LSFD,1.0
MQMISE,1.0
NSVSSSMYR,0.0
SMSGYLR,0.0
DPNE,0.0
SSWPDLNFD,0.0
QNFLWD,0.0
LYSD,1.0
VVFETTD,1.0
FEFEE,1.0
LVVAFDD,1.0
WEMD,1.0
LFIVEE,1.0
DSVGFE,0.0
LMVGGKK,1.0
MFVVDD,1.0
ISGLGAEE,0.0
IVAVIEEGD,0.0
WEEEEHD,0.0
YVLEE,1.0
WHYDQNE,0.0
ISLIGTEE,0.0
IGLAAGEE,1.0
RVYGHYR,0.0
VWVWKK,0.0
LFLR,1.0
PEFD,1.0
HQMFHD,0.0
RHHSVK,0.0
TVQFHHR,0.0
LGILRSR,1.0
WWAHTMEE,0.0
FVAYADD,1.0
NHYK,0.0
LFMHIDE,1.0
LWFRR,1.0
VIVYADE,1.0
LFVLGDD,1.0
NPTD,0.0
KFIK,1.0
WYHALQTRK,0.0
WIIDD,1.0
WMWWADE,0.0
VVMVKK,1.0
WFYNDD,1.0
FMMMKK,1.0
IIMYLEE,1.0
IMVSADIDLE,0.0
MIAEE,1.0
IIILEE,1.0
WFMNWKK,0.0
WYDYNGE,1.0
ISVIDD,1.0
AWTE,1.0
TLIFD,1.0
VMYLSEE,1.0
FYLDE,1.0
LFQWDD,1.0
QSNGRSMK,0.0
LYLYNED,1.0
MLYGAITWRK,0.0
MFIGDEE,0.0
WEQD,0.0
LVAIYDD,0.0
MWWQDQE,0.0
IGLGTDD,1.0
LGWFKFQK,0.0
IYWYEMD,0.0
FVLEE,0.0
AVLKQKR,1.0
IIISIAEE,1.0
STMWLAQMKK,0.0
FMYSIQD,1.0
QYNDD,0.0
LLLSKSK,1.0
DHQEE,0.0
LVYQE,0.0
ILLR,1.0
MFGTYME,1.0
FILYSEE,1.0
PSQIMTR,0.0
WFVEE,1.0
FWWDD,1.0
LIVAYEE,1.0
LVVPK,1.0
IMFDD,1.0
IGLLSGDD,1.0
WVHLYFVMAD,0.0
FFLD,1.0
IVVLKK,1.0
KHQGANFNFR,0.0
AKAVGNMYK,0.0
MKHVNR,0.0
VQIIK,0.0
PWDQVD,1.0
SSFD,0.0
IIMAITEE,1.0
TAYAGFED,0.0
LKAGLIYK,0.0
WWAHEE,0.0
NYQD,0.0
AGIVAKR,0.0
YMVKK,1.0
VHLWMMYYR,0.0
WWNAATEE,0.0
GESID,0.0
GIIQKKTR,0.0
LLMVEE,1.0
FLGIDAE,1.0
IWDYYMD,0.0
LWLAEED,1.0
ALAWRR,1.0
LVMDNTD,0.0
LWPPNE,1.0
VIQFSD,1.0
IKSVYAR,0.0
YNANYPVNR,0.0
LISGGDME,0.0
MWIKK,1.0
KLIMAGR,1.0
FLRTR,1.0
ILISSMDD,1.0
QNAVE,0.0
FWEEWFIFE,0.0
WWARTSR,0.0
FYYMDD,1.0
SAIQAME,0.0
IISED,1.0
VIIQSKK,1.0
MSVWE,0.0
MVVGHDD,1.0
AMHQAFD,0.0
HNDSQPAMID,0.0
ALIGK,1.0
AILAKK,1.0
MHVK,1.0
NLSTALLIE,0.0
LIWFEE,1.0
LALMDAE,1.0
VEVITGE,0.0
KSRK,0.0
KNHLHPFGR,0.0
ITLINEE,1.0
IGISGEE,1.0
IYVAWVD,1.0
WLEENDE,1.0
FLYKK,1.0
IYVRSR,0.0
IYHEID,1.0
VSVMDD,1.0
HAHWYLKVK,0.0
TDDNGIND,0.0
AAMWEME,0.0
QTWWDD,0.0
AALWGEE,1.0
TTHD,0.0
MLVAKKR,0.0
MAVMTEE,1.0
GILTGDD,1.0
MFWWDME,0.0
IIGLDD,1.0
FTDMD,0.0
FWVVDD,0.0
LIAAVLADD,0.0
VVVFKK,0.0
VPIK,1.0
PSQGHHHFD,0.0
MWSGFRR,0.0
ILASSSEE,0.0
MMLSMKK,1.0
MPARLR,1.0
RRRMSWAHR,0.0
SILLGTEE,1.0
SLIVGGEE,1.0
WWENANE,1.0
WYYQAMEE,0.0
IVFGKNK,1.0
WLIENSE,1.0
MHSTQFAGR,0.0
MMVGHEE,1.0
RLAHALR,0.0
QEHQGD,0.0
LMWWEE,1.0
MMKFAR,0.0
HKTPSIPYVR,0.0
LMQGNYK,0.0
IIFANGDE,0.0
IMYDNGE,0.0
PLKYFYQQTK,0.0
LALKTNR,1.0
YPRMR,1.0
QFLLAMKGK,0.0
LAVGSKK,0.0
FLLIARR,1.0
YSLWIHNFK,0.0
SLIGAGEE,1.0
WWINDHE,0.0
LMYVNED,1.0
VIVAAKLIAR,0.0
VGLLSSEE,1.0
NGTFNVD,0.0
KPHR,1.0
GIIITDD,1.0
LLHQEE,1.0
LVSLESD,1.0
ILESHD,1.0
GTPTMTWD,0.0
QLKASNGSR,0.0
WWEIMNE,0.0
MLALYEE,1.0
VSLLSAEADE,0.0
AIALALEE,1.0
KLLVQAK,1.0
FLQVADD,1.0
MQEWTSD,0.0
IIFAE,1.0
FNRQMR,0.0
IITDSWMPND,0.0
IYVGDGD,1.0
IGISSEEE,0.0
DYQE,0.0
VLSAVSGEE,0.0
IIGIGSEE,1.0
IKILNTK,0.0
MLFWDD,1.0
NTVGLLAIIR,0.0
IVFLDD,1.0
AGIWAEE,1.0
IFIFDD,1.0
KAFK,1.0
HSLLE,0.0
YWEME,1.0
WEPSQMTLVD,0.0
IIITGED,1.0
PITVWTGDYD,0.0
FAWSR,1.0
HILE,0.0
GIWVR,1.0
EPWGME,1.0
VVVFR,1.0
YMSR,1.0
WMYKK,0.0
VIMSGED,1.0
LVSLRK,1.0
VPHSPD,0.0
LHPR,1.0
ANGGQR,0.0
VINIRK,0.0
LMFLSEE,1.0
LYYIGDD,1.0
IWSTE,1.0
IIFFEE,1.0
GFTRWVR,0.0
LVVAVGDIE,0.0
GYVMKVAR,0.0
ISVGGTEE,0.0
WVMWWEE,0.0
YLLPD,1.0
IGTLDSDD,0.0
WYIDD,1.0
AAWMAQEE,0.0
LLESLGE,1.0
GFQSE,0.0
YFSD,1.0
SLLDLD,1.0
LALGHE,1.0
LLMLEAD,1.0
IEFTDAD,1.0
YISLR,1.0
STNMQAGSNK,0.0
LELHGIE,0.0
TTLD,0.0
YEAFE,1.0
WWLAAEE,1.0
GKIIK,1.0
GAILSIPEMD,0.0
GILSGDD,1.0
YILKK,1.0
HVLE,1.0
RLYIYNR,0.0
FIFDD,0.0
MFIVKK,1.0
LIWWKK,0.0
DWED,1.0
IIFSLTIK,0.0
VLMWKK,0.0
IQHHD,0.0
QKLANMLK,0.0
IFWYRR,1.0
YMVVEAE,1.0
MVMWKK,0.0
EIVND,0.0
AAMLAKAK,0.0
YTIK,1.0
LKTMR,1.0
HWPSIGWE,0.0
VWWMMKK,0.0
IGIDSVE,1.0
SIIMSGEE,0.0
DGQIPPDDE,0.0
ILHMMEE,1.0
FNISVED,0.0
MWFEAAD,1.0
LLGAKK,1.0
FPVASD,1.0
MISSSMFMSK,0.0
ALID,1.0
LIIIDSALD,0.0
VIASIEE,1.0
VHHWGVDVEE,0.0
GTIRRHAR,0.0
NAHR,0.0
FAIIADD,1.0
VIMSYDD,1.0
WWYNATEE,0.0
IWFEMWE,0.0
FMYWDDE,0.0
PYMFR,1.0
LSVMADD,1.0
MLYEE,1.0
WLIEE,1.0
LFEYSE,1.0
IYFMQFQRK,0.0
YFSMLK,0.0
LLNAHNGSE,0.0
DEGTD,0.0
MFILKK,1.0
SKKPTRVGK,0.0
MWTGMPWME,0.0
GHHILRLLPK,0.0
YYAIK,1.0
ALIKAQK,1.0
YGIWLHK,0.0
SIIIGDD,1.0
PAKPR,1.0
LMESIDD,1.0
WLNANVEE,0.0
AKYVR,0.0
LLADEGE,1.0
GGDAD,0.0
NHGR,0.0
ELWD,1.0
YDVPVE,1.0
ILIIGSDD,1.0
VFFHTESSE,0.0
SQTATK,0.0
IETIED,0.0
LGIK,0.0
YMPK,1.0
IPFWSE,1.0
SMQITFFNTK,0.0
DPDWE,0.0
GLAIAKK,1.0
IDMFE,0.0
WHWNE,0.0
NIAGPMTSK,0.0
ALLGKKK,1.0
PRFMK,0.0
ASATYQPR,0.0
IFYESGD,1.0
LFGEEID,1.0
GATE,0.0
SDMSMMPGD,0.0
PGAFGFD,1.0
NLWPR,0.0
IYYWEE,1.0
MILNAKK,1.0
VVWMDD,1.0
SDTMWE,0.0
WVIIEE,1.0
YQAVR,0.0
WWDQAND,0.0
VFARAK,1.0
MQRYK,0.0
NSNFIK,0.0
ALAMQKK,0.0
AWAMK,1.0
ALAAVKK,0.0
FMIADSD,1.0
AMFVDQE,1.0
IWVVKK,1.0
GIITMDD,1.0
WNYE,0.0
GAILDAE,0.0
GMWE,0.0
GRMRRKQR,0.0
WFMHWEE,0.0
IIYLMAEE,0.0
LAFVESD,1.0
ALIMAKR,1.0
IFYYDD,1.0
LSPWK,1.0
WSPNFGE,0.0
IIITGDD,1.0
IVLSRASAGR,0.0
IELGGSAE,1.0
QFTE,0.0
AVVGSSEE,1.0
TDLLFATE,1.0
IIVD,1.0
AFPR,1.0
LMEID,1.0
IIIGTSEE,1.0
PYKR,1.0
MHVD,1.0
LVAGFAIPED,0.0
VFWMDD,0.0
FNQPSGE,0.0
WGIE,1.0
NPATK,0.0
IITGTSQEE,0.0
NFANPK,0.0
TAQHNMPK,0.0
THDVME,0.0
LQTD,0.0
GIVTSDSMME,0.0
TRNVPPWFR,0.0
ILISSSDD,1.0
KKWK,1.0
WWVENDE,0.0
IVYSEE,1.0
MWVVEE,1.0
QPDE,0.0
MMSFGR,1.0
IIGTDASD,0.0
MVVSSSSEE,0.0
AYWWLLVWVR,0.0
WIFFDD,0.0
LYMMQED,1.0
WWFADSE,0.0
AVVYSEQFD,0.0
MFHGNVLE,0.0
LDLYSGE,1.0
SSYPWMR,0.0
HPYGE,1.0
IMGTD,1.0
YYMD,1.0
IVSIIRR,1.0
LLTWAEE,1.0
ESME,0.0
LLTYR,1.0
VIIDD,1.0
VLLDDDE,0.0
VFIYGEE,1.0
LGFMESE,1.0
MYSDD,1.0
FLTRR,1.0
QPKLKR,0.0
ANSDDTQD,0.0
AALWANEE,0.0
GPYVAVGNWK,0.0
WMTAQYR,0.0
WWATNEE,0.0
LPQYAE,1.0
ITIIGKK,1.0
IMVFEE,1.0
IVWIEDE,1.0
FFVIKK,0.0
VIFTADD,1.0
LISGIDD,1.0
MFYAQDD,1.0
YVNSLD,0.0
HTFWHHGGD,0.0
HVVDD,1.0
FFWQDD,1.0
ALMNYD,0.0
EMSE,0.0
AAIILTEE,0.0
VLSIQED,1.0
AFVD,1.0
LIVVEE,0.0
ILGGDSE,1.0
IMTLGDD,1.0
ILYNLEE,1.0
WLAEEQD,1.0
VGIGSDTE,0.0
LITMGEE,0.0
FKLNK,1.0
IFWEE,1.0
YLVDVEED,0.0
KITMWK,0.0
EMITATD,1.0
HNDWYAE,0.0
IVGYVVDD,1.0
EMNVQNMLE,0.0
MPTGR,1.0
IVISGGDD,1.0
LLEHGGD,1.0
LVQHE,0.0
VMIVKK,1.0
WFYQNDE,0.0
WWIAANADD,0.0
SWLFQEEYD,0.0
AYFVPPLWLR,0.0
ILGTTLSEE,0.0
ALAILRK,1.0
VLWWQDD,0.0
WIEEQAE,1.0
PHPNYFHDE,0.0
MFWMEE,1.0
TGVYGNTISE,0.0
LWYVD,1.0
DIYIHLE,0.0
WAHWMASPK,0.0
WFANWED,0.0
ALIVTDD,0.0
MMMYHRR,0.0
IGIIADD,1.0
IIYAKRK,0.0
TTPAEND,0.0
HPMYIPWTDE,0.0
GVHMHVRK,0.0
IFSE,1.0
LYVSMEE,1.0
ALLAEMAE,1.0
ILSLVRK,1.0
FLIK,1.0
PTYR,1.0
LWVMEE,1.0
QPYKFSPRK,0.0
AALVGKKK,0.0
WFDWAEE,0.0
FLTTAMWPR,0.0
AMAAAWEE,0.0
LVTEVSE,1.0
WWEEMGNE,0.0
ATSVQR,0.0
WKMKMWMK,0.0
IIALAGEE,1.0
FFMDD,1.0
VIIGSEE,1.0
VNIMTK,0.0
DMDETVPFNE,0.0
FISYEE,1.0
WQAIAEE,1.0
WWVNANEE,0.0
IMMVKK,1.0
MEFVD,1.0
SDQNPYTDND,0.0
IFYKK,1.0
LIIEGEED,1.0
MLWIKK,1.0
WWMVNKK,0.0
YSWHYSK,0.0
GIIVHDD,0.0
LLDASIE,1.0
VFLATRK,1.0
HAHMD,0.0
IGISDD,1.0
WLEANDE,1.0
MNSVE,0.0
SVLSAEAE,0.0
FVMD,1.0
VVAVVGDID,0.0
GVWLILK,0.0
KWVR,1.0
MIHLEE,1.0
WMDEYD,1.0
IIASASRLK,0.0
VIAYD,1.0
FMEIMLD,1.0
GIITVDD,1.0
HNTQVAVPAE,0.0
LVHGEE,1.0
VLMSMRK,0.0
WYAD,1.0
MHAK,0.0
IIWLADE,1.0
LGAALSEE,0.0
ILGYGK,1.0
AVAFKK,1.0
VFDIIAE,1.0
MDED,0.0
WMWWEAE,0.0
VLFLEE,1.0
PAMNISK,1.0
FMWEE,1.0
IGIVDETE,1.0
LIQSAK,1.0
MGPMHSFHE,0.0
IVLTQEE,1.0
HDNNNE,0.0
HYGE,0.0
IIAGGSEE,0.0
IILSSMDD,1.0
FLADELE,1.0
WWAEAED,0.0
IYLNVDD,1.0
IYVETAD,1.0
ARYLSKK,0.0
MVWPMQR,1.0
HIMPE,1.0
IISGGEE,1.0
MMSNR,0.0
VIWMKK,1.0
FLVMEE,1.0
ILGWTEE,1.0
AAMWETE,0.0
PNWLQK,1.0
EQSGD,0.0
MAPTR,1.0
VMVVKK,1.0
WITKK,1.0
LMMAAKK,1.0
KRSHSKAK,0.0
FMWDWME,0.0
EYTE,1.0
PALFDD,0.0
YYRKIR,0.0
FIASLEE,0.0
WIWNEQE,0.0
IIVHNKK,1.0
WFVVEE,1.0
QIWDVYE,0.0
AQGFAK,0.0
LYWYDDE,0.0
YMFWLD,0.0
IFKAAIR,1.0
MFKWMMK,0.0
IWDDYWE,0.0
QGIQD,0.0
GIQIKKK,0.0
LLIDGTD,1.0
TSDPVDVPD,0.0
LIWEE,1.0
WDDLFNE,0.0
IMMLHKK,0.0
VIAITKK,1.0
VSEYAE,0.0
SLLSGMEE,0.0
IIGLSDD,1.0
WRPR,1.0
YYMR,1.0
IISTDSLE,0.0
NHARK,0.0
WVDITD,1.0
MYTE,1.0
NRKLR,0.0
GLAIAAKK,0.0
SDQEYE,0.0
YNDAQD,0.0
ILWIKK,1.0
GWFD,1.0
MAIYDDD,1.0
SAPTNAYLSE,0.0
ELHE,0.0
IIWLEE,1.0
ISITDGD,0.0
AVLGSGEE,0.0
SEPNPGLGE,0.0
LLID,1.0
YIEDD,1.0
IAALVIK,1.0
MAKWPLGR,0.0
YLAR,1.0
LWGELAE,1.0
WNEETEE,0.0
ILIYNDD,1.0
IGLISGEE,1.0
WWNINKK,0.0
VISGSAGEE,0.0
YVQQKFSSKK,0.0
VFAELSE,1.0
FTINKRR,0.0
PTPHE,1.0
YALPQWD,0.0
LLKLSSR,1.0
DPFME,1.0
LRINK,0.0
WFFEE,0.0
IIFIEE,1.0
GHMGMND,0.0
WHYNAEE,0.0
MSTAMMGAE,0.0
WLQHE,1.0
ILGLTSDD,1.0
GTWE,0.0
IFWVEE,1.0
LIIFRQK,1.0
LFLEALE,1.0
AGQGQTR,0.0
GALMGKK,0.0
WEMWEWE,0.0
IWIQEYQSSD,0.0
FTAAYK,0.0
YYYYDNE,0.0
GLYND,0.0
HAAR,0.0
MIVVKK,1.0
WFQD,1.0
IGIDGSE,0.0
FMQSKAFWQK,0.0
NMLD,0.0
WQED,1.0
MWYLDD,1.0
GIGLGKK,1.0
FLAPSQD,1.0
GIIITAEE,1.0
STHMDE,0.0
FVIE,1.0
AMFAMSK,1.0
LLTMQKK,1.0
WLVMKK,0.0
VMVMKK,1.0
LHSLWDYQE,0.0
LVESLTD,1.0
WIWEAEE,1.0
MWWMEQD,0.0
LIGTTDTDHE,0.0
NGQYWWVGGR,0.0
YMPPSK,1.0
KYGQQIPAGK,0.0
ISIIDDEE,1.0
IVWVAEE,1.0
GLALSRR,0.0
FMKNSK,1.0
QNPQAGEQE,0.0
VIVVSEAQLD,0.0
AAMWADE,1.0
LAEEYD,0.0
LTMPNHAKK,0.0
VILLRK,1.0
MSVTTDQD,0.0
FSNMIE,1.0
MLMLTKK,1.0
VIWIEE,1.0
QFLTDD,0.0
IMSGAKSSSK,0.0
YWHDEEE,0.0
VLYK,1.0
AFGKVFLR,0.0
AIAGKK,1.0
LALVNKK,1.0
WYYNQDD,0.0
AMLKALK,0.0
LVMHEED,1.0
IISILDD,1.0
FWMYRR,1.0
MMFIEE,1.0
MIVHIR,1.0
AMAKAAK,1.0
QIWYDD,0.0
ISFD,1.0
EPWLWPE,0.0
FVFAEE,1.0
LSLSLAEE,1.0
HPVD,1.0
FLVNDSD,1.0
IMLKALR,1.0
LLVASAAGD,0.0
LMVFKK,1.0
ISFYVE,1.0
EWME,1.0
ILLQVTVD,1.0
ALAKRKR,0.0
LLVFKK,1.0
QPNSFMLLR,0.0
IIVAVADVE,0.0
LIGYDVD,1.0
IIVGSSDD,0.0
EEHDFEE,0.0
IIIEEID,1.0
LHDE,0.0
IFMIDD,1.0
FVWE,1.0
WVFLEE,1.0
MNSRWVQPK,0.0
LGFSGEE,1.0
VMTLSEE,1.0
LMVVIRR,1.0
MILLKK,0.0
GIVIDHD,1.0
WELQAEE,1.0
AAWAAAEE,0.0
SWTE,1.0
FSYD,1.0
QVKFTAIR,0.0
VLASSTEE,0.0
LIMKASR,1.0
IMKK,1.0
NFTYAR,0.0
WMTK,1.0
RQWKWPKR,0.0
LAIGWYIMLR,0.0
MFWVEE,1.0
IWSAR,1.0
IVFAGKK,0.0
LFHDGSND,0.0
VYGAR,0.0
TMTTSAGE,0.0
FYAD,0.0
LHLVAEE,0.0
ESVPPYD,0.0
IISIMDD,1.0
WQLNK,0.0
MLSVSAAEE,0.0
FGWE,1.0
AIALWDE,1.0
YNGGSTD,0.0
HPLGHED,0.0
IMLAETD,1.0
IISLTEMENE,0.0
GVLAETGEE,0.0
WFMDD,1.0
ILVESLE,0.0
AMMITAEE,1.0
WLNASAEE,0.0
YHSAWQQK,0.0
VNYMVK,1.0
FMMWDD,0.0
MFINSDE,1.0
WWYGKLQASK,0.0
YDLDSPD,0.0
TFYMFD,0.0
YVVQK,1.0
ELFADGE,1.0
WYYTEQE,0.0
WLWEAAEE,0.0
VALKIAR,1.0
ILEYNSD,1.0
WVVWWMEE,0.0
KAQHIWFFK,0.0
IWWMDD,1.0
AAEALMEED,0.0
WWNMAEE,0.0
PHPVVGHD,0.0
DMHDNFHPD,0.0
MVFAADD,1.0
IMYYIDD,1.0
GSSLEDEIVE,0.0
NQMHGFSTK,0.0
WAFNIK,0.0
FYMEE,1.0
WFMWTED,0.0
LIFTSR,1.0
AALIKAK,0.0
LIIMKK,1.0
WFWASADE,0.0
WAMGEESE,0.0
VVMITKK,1.0
WSED,1.0
MVRR,0.0
KHMK,1.0
LWFLKK,0.0
IIISGSEE,1.0
LFIMDVE,1.0
ENMSGSVND,0.0
LRVLSR,0.0
NHWESWNMFE,0.0
IFWQKK,1.0
VIILTDD,1.0
IVFWKK,1.0
NTYPHYKK,0.0
ATFR,0.0
MYSD,1.0
WYDYNETD,0.0
IWFD,1.0
LLGAINEE,1.0
GLAAFEE,1.0
WLYMKK,0.0
AILKAQK,1.0
ILLEMHE,1.0
PFIK,1.0
IVVYSKK,0.0
WNRAGR,0.0
RMPVSMMFK,0.0
AMAMAAKK,0.0
FWVDD,1.0
KGMVR,1.0
FIMTTDD,1.0
NDDQE,0.0
WYYDD,1.0
LLKMKTK,1.0
LWFKK,0.0
WPMGE,1.0
LFINGDD,1.0
AFYSNE,0.0
IVASGSRK,0.0
LIWQADD,1.0
WIWEAEIE,0.0
KGVKLPNR,0.0
WMWIKMK,0.0
YYYYQEE,0.0
WLAEANEMID,0.0
LMMKK,1.0
FWLFKK,0.0
MLAVDDDID,0.0
QQIYWE,0.0
LHVFD,0.0
WWDQNSSE,0.0
WQIEETEE,0.0
PVWK,1.0
IFLMKK,1.0
MAPPPD,1.0
IKAVKGK,0.0
VYLIAADD,0.0
WWANTMNEE,0.0
LILAAAIED,0.0
IMWKK,0.0
IFWLKK,0.0
AIWTGR,1.0
IISVITEE,1.0
VDVWSD,1.0
MTMSMR,1.0
NPDPHD,0.0
WWMNEMTE,0.0
NAFQFFGK,0.0
MTHDE,0.0
IIILDGD,0.0
LVFITDE,1.0
HQYE,0.0
ILMVQGDD,1.0
RWGK,1.0
AIAIKAR,1.0
LMYVARR,0.0
GALITAKK,0.0
AVFIIE,1.0
TIKSTIR,0.0
VVTFE,1.0
VNFWGE,1.0
IWFWEE,1.0
RGWRVITMFK,0.0
IHDLD,0.0
FVFGEDE,1.0
VIILSDD,1.0
LVFIKK,1.0
LFVLEAE,1.0
LFISLDD,1.0
IDPIVD,0.0
VEFGLDD,1.0
IFHHD,1.0
EPVMNAAD,1.0
LAVIHDD,1.0
LIKTTIK,1.0
VILIAADD,0.0
FVIAAGGGLR,0.0
LFLWKK,1.0
HQIHLR,0.0
IWKK,1.0
MAVKMAK,1.0
LFYFEE,1.0
YIMD,1.0
ILSMAK,1.0
IIVHAEE,1.0
IRYK,1.0
MWISDD,1.0
GRNQAYSR,0.0
IVIKVSR,1.0
APVK,1.0
YLFVAED,1.0
WFYAHEE,0.0
VIWQADD,1.0
VIMVKK,1.0
VLTVAEE,1.0
DPYED,1.0
QPITE,0.0
FYMDD,1.0
MVFLEE,1.0
TYHLPD,0.0
ARRR,0.0
KPAIHR,0.0
AAMWQAEE,0.0
IAMVAKK,1.0
VVVVPSR,1.0
VIMAMDD,0.0
FFVVEE,1.0
IMKGASK,1.0
WWNDD,1.0
IIGTETSD,0.0
WQAISQEE,0.0
LMYDEDE,0.0
LMLANKR,1.0
DFMFWEE,0.0
FVLTDID,1.0
VWVDD,1.0
FYDE,1.0
LILFKR,1.0
SMQETE,0.0
LAVVAAGDD,1.0
FITMDAD,1.0
YPMAR,1.0
GYTLWLMYE,0.0
GIMAAAEE,1.0
LLMVED,1.0
FIISVEE,1.0
FWFMKK,0.0
AMALKRK,1.0
WLVLKK,0.0
VDHSE,0.0
LIVYYDD,1.0
FWFMDD,1.0
ILEYTD,1.0
WLQAAWSEE,0.0
IISGMDD,0.0
AIIISEE,1.0
GDVYFLQHD,0.0
IIGGSHEE,0.0
SLINAMRNRR,0.0
MGKFK,0.0
HVASR,1.0
MVVWEE,1.0
RYMHINK,0.0
YWYQDSE,0.0
GLLTLDD,1.0
LSVMTDD,1.0
IIAELSD,1.0
MSFPTVVLE,0.0
YYGVVHPYVR,0.0
ISIDISEE,0.0
LILVADDE,1.0
LNGQFNRK,0.0
WGFGFGD,0.0
HLIIQWTD,0.0
FIQWKK,1.0
VSGDDTNDD,0.0
LISGDGD,1.0
GISLDGSD,0.0
SIALGGEE,0.0
WENWEED,0.0
YFRKR,1.0
LSIVGEE,1.0
IEAFADD,1.0
AALLFGEE,0.0
EQWNGE,1.0
VWLD,1.0
LLPD,1.0
ILIISDVE,1.0
VMILEE,1.0
VLAYEE,1.0
TYVHK,0.0
FFGK,1.0
MWIR,1.0
NMFSPR,0.0
ILTGGTEE,0.0
FYLEE,1.0
PPFGMK,1.0
ALIKITQVK,0.0
WIWLKK,0.0
SKQPIR,0.0
DFYE,1.0
LVSSALEE,1.0
WEDNEIE,0.0
LSVAESESDE,0.0
TIHEMTD,0.0
LLMLRTK,1.0
LVIWKK,1.0
LFVLEAE,1.0
VLHK,1.0
LVAGTAGEE,0.0
NDPFDLTD,0.0
EFTE,1.0
AAILGTKK,0.0
HTQK,0.0
MFRNHTSAFR,0.0
WFMFDD,1.0
IWMMEE,1.0
FWHR,1.0
WFWMAED,1.0
SMIGGGEE,0.0
ILITKRK,1.0
IVWLKK,1.0
SGAGYNK,0.0
ELVETAE,1.0
VILIKK,1.0
MFMNDTE,0.0
LMWLEE,1.0
AVAARRK,0.0
IGITMESE,0.0
WMSK,1.0
IMGYR,1.0
FFWVRR,0.0
LFVAYDE,1.0
WWVQADD,0.0
WQAEEAE,0.0
DWMAAE,1.0
FIVFDD,1.0
FIDIIDD,0.0
IIGTGEE,1.0
WEEAFEVEE,0.0
WLFFK,0.0
RFYTIK,0.0
IFIWEE,1.0
YLIR,1.0
GIISMGEE,1.0
GMLDLSIE,0.0
NVPKMK,1.0
FMASVEE,1.0
IHIGTSGGEE,0.0
MVSSLGEE,1.0
EFVLNDE,0.0
ILMFQKK,0.0
MWGMDAD,1.0
GLALADD,1.0
DEWTYGSDE,0.0
GLAD,0.0
PQFYHD,0.0
PMHLME,1.0
MIVKLSR,1.0
YYVTD,1.0
IMFWDD,1.0
LIAETDD,0.0
YALD,1.0
DEPHPWGAD,0.0
YIMIRR,1.0
YNAMYTFGHE,0.0
MFTGKK,1.0
VNTD,0.0
LGLTAMDD,0.0
LVGLSKK,1.0
FIVYEAD,1.0
VQME,0.0
AALLGKK,0.0
YLFINE,1.0
GAIVKAK,0.0
WMWYNDD,0.0
IFDAEDE,1.0
GLGVTDD,0.0
VGISMDD,0.0
YWVDD,1.0
RSPK,0.0
ILVVDD,1.0
IMFLDD,1.0
LILIEE,1.0
LAIAIAEE,0.0
FVGGFGD,1.0
MTLPQDVE,1.0
VLIIEE,1.0
WAHPTHD,0.0
ILWWQED,1.0
MFFTNEE,1.0
LVGHE,1.0
LYMWDD,1.0
FSDE,0.0
FIYEE,1.0
FYAHSLE,0.0
IMTGLDD,1.0
FEMLD,1.0
PHDE,1.0
VMWGTDD,1.0
IVVRSGK,0.0
ILMTMEDE,0.0
FYLD,1.0
IFAFIEE,1.0
IFIINEE,1.0
SLTD,0.0
VLTMSED,1.0
VIFSAEE,1.0
IMLQKK,1.0
ILITGVDD,0.0
MISWMRGMR,0.0
LLSSEGE,1.0
GAFLARR,0.0
LLSISDE,1.0
QSVRKR,0.0
YWYDEDE,0.0
MEMWD,1.0
RHRK,0.0
IIGTSEE,1.0
VIYAINED,1.0
VPQHR,1.0
VWIYWEE,0.0
WIWQKK,0.0
IIHGLEE,1.0
MHWR,1.0
VLFVDD,1.0
SILIGDAE,1.0
WVVRR,1.0
IWTHR,0.0
MYVITEE,1.0
IIISGDD,1.0
WWAINDD,0.0
IGKIKGR,1.0
NELTQWME,0.0
LWAGEAD,1.0
PIVD,1.0
AIAFKKK,0.0
FNQMD,0.0
AALVDAE,1.0
IVWHLEE,1.0
FWWR,1.0
NHRHK,0.0
LVQWKK,1.0
WWQSQDE,0.0
LAIWDGD,1.0
IIGSDAD,1.0
IMMIHKK,0.0
MHHQTMDFLE,0.0
YPGAD,1.0
NAFFFNK,0.0
WYYTHEE,0.0
AIIAAVADD,0.0
MIFWKK,0.0
PQAD,0.0
AMWAK,1.0
VQIGD,0.0
FVMQKK,1.0
IFAGVEGLD,0.0
IIGWGEE,1.0
AAILRAK,0.0
TMANE,0.0
AATYIE,0.0
TINGLAD,0.0
MAILANEE,0.0
FFHE,1.0
TELWLDIAYE,0.0
MLRLKAR,1.0
HKMGKHANR,0.0
HAVWR,0.0
LLTSLEE,1.0
LMYSGDD,1.0
FIMK,0.0
MLTSLED,1.0
VVSSRRASK,0.0
ILILTDD,1.0
LFPR,1.0
KKKR,1.0
LDYE,0.0
SIITTDD,0.0
AILIQKK,0.0
WWMANDE,0.0
PFKQR,1.0
VQPHVLQVE,0.0
HTQEHIWE,0.0
HPPAK,1.0
LIWIARR,0.0
IILDVAD,1.0
YWIAK,1.0
HNDNQMTE,0.0
ALQFAE,0.0
HIPR,1.0
AAEQMTIHID,0.0
IIIGIGEE,1.0
WWMWEE,0.0
ALKLAKK,1.0
GISLDMTE,0.0
VMSFEQD,1.0
WWTE,1.0
IISSGEDD,0.0
FIWVKK,0.0
YYQVLTK,0.0
WFDTID,1.0
FSWGIE,0.0
PMFHGK,0.0
AIAIAKK,1.0
RKPFKGLGK,0.0
IAFNTEE,1.0
WEEWNED,0.0
IIIVEDD,1.0
VLWID,1.0
WLAEE,1.0
LKGWQR,1.0
VGIGTTTEE,0.0
IFRISK,1.0
FWWWEE,0.0
GLIDSGDVE,0.0
VIND,0.0
LQDPMAFGE,0.0
LLFKK,1.0
IAIPLR,1.0
RYPRFR,0.0
PADAHYIVLE,0.0
AWHTVK,0.0
SWAE,1.0
MGLSAGEE,0.0
LVIYDD,1.0
WLLVEE,0.0
MWFK,1.0
LLSGAESAD,0.0
FIDYD,1.0
QQMEYED,0.0
IYMIED,1.0
LIMYADD,1.0
ELFFFD,1.0
VHTGFIHK,0.0
IITFKR,1.0
QKYHIR,0.0
VKWSR,1.0
LMIHTDD,1.0
VLEVTNE,0.0
WWNEEEWE,0.0
WFQANQSEE,0.0
QLIPD,0.0
MIVR,1.0
IVGLNKK,1.0
YRHYQIVKR,0.0
NEGE,0.0
FHDDMD,0.0
IISVTMDD,0.0
IIMMEED,1.0
RKMATK,0.0
VFYK,1.0
PNFIE,1.0
LLAHEND,0.0
FWWIKK,0.0
YQMD,0.0
FIIDIAE,1.0
LIISLNEE,0.0
LMIGR,0.0
LFKTK,1.0
WLANEAE,1.0
STTPEMPD,0.0
AALLDTD,0.0
ADAINWGVE,0.0
TSPED,0.0
FMTYRR,0.0
ISSQDFHPE,0.0
LFGAKIR,1.0
LLMQKTK,1.0
LISAGSVEE,0.0
SLYATMR,0.0
FEPE,1.0
FGIMGTK,1.0
AAVLAGEE,0.0
AIALDLEE,0.0
IFKAKIR,0.0
VGIVAAIDD,0.0
FVVIDD,1.0
LVYLEE,1.0
KFLQIK,1.0
MWTQAWIWE,0.0
VMLGKTK,1.0
WVMLWFE,0.0
IFDADHVLE,0.0
IYGIGLDD,1.0
IIGTISEE,0.0
IFMFKK,1.0
IGVIGTEE,1.0
VDVVGAD,1.0
IGHRATGQR,0.0
MWLMKK,1.0
LHWK,1.0
ALKKAQK,1.0
LMEYSAD,0.0
HIQE,0.0
LEDDPAQHE,0.0
ILGTGTEE,0.0
HTVAD,0.0
LFTGEE,1.0
YNIFD,1.0
ILVSSGEE,1.0
IIITGSEE,1.0
IIFGVEE,1.0
IIMSGSEE,1.0
MVLSRR,0.0
PFRK,1.0
WVNPR,1.0
AWLQEE,1.0
ALALAQEE,0.0
FFHWEE,1.0
VGYVR,0.0
TVKMVR,0.0
LLVRKSR,1.0
MQWFRR,1.0
VWMLKK,1.0
YKYR,1.0
IIEHHILD,0.0
IFLLEE,1.0
FAIYAEE,1.0
AIAR,0.0
ESNPYTWD,0.0
AGLLATEE,0.0
MVFIEE,1.0
YGPWMDETED,0.0
WFYNRSK,0.0
LFEEIED,1.0
VSFIDD,1.0
FGIRAK,1.0
FNDFD,1.0
IIKINK,1.0
ISLIDLED,1.0
HHMD,0.0
LWLQQDD,1.0
WWAMKK,0.0
AAIMWEE,0.0
IWWLVDALYE,0.0
LFKVSAR,1.0
ILIEYTD,1.0
LFYKK,1.0
LMYEE,1.0
VFITAEE,1.0
GVDWLPVD,0.0
DVVVE,1.0
IFFWDD,1.0
GLLSGDD,0.0
FGHAHYQMID,0.0
AHVPD,0.0
HWWFDIFTD,0.0
ADGQLPAQID,0.0
VYYLDD,1.0
GIAGKK,0.0
MAEQE,0.0
WEENEED,0.0
AQSK,0.0
VMVITDD,1.0
AGIITKK,0.0
GWQHYGINR,0.0
WWVHDEE,0.0
IGLYDGE,1.0
VVWIKK,1.0
LVMGWD,1.0
VVYGADD,1.0
DLHGSE,0.0
VILSD,1.0
KNMLQK,0.0
GVQE,0.0
FMTD,1.0
WHAWLPYHPR,0.0
WLVFDD,0.0
VYIPTK,1.0
WELAAEE,1.0
PLARLLR,1.0
NKYAK,0.0
WWFAESEE,0.0
IMLKK,1.0
IFWDD,1.0
YVLAADD,1.0
EQMTLME,0.0
LLNDTD,1.0
MFVWWDE,0.0
AILAKQK,1.0
VMKYYRR,0.0
EVMGIDGD,1.0
VVVISAADD,0.0
MVITGKK,1.0
GIAIKTR,1.0
HAQIGD,0.0
WWMMMMKK,0.0
WWNVEESDE,0.0
FMAKK,1.0
LIGLVIEE,0.0
YDSQFDED,0.0
IVISKITIFR,0.0
WAWAYEE,0.0
MFFEE,0.0
EWSD,1.0
MVLAIATD,0.0
IIITGSFEE,0.0
LQHTKANR,0.0
IAPR,0.0
WMFYDD,0.0
LQIGSASEE,0.0
LLTIEQE,1.0
PIVLIVKK,0.0
IGGVATSEE,0.0
LVVITDE,1.0
IGMLGTESE,0.0
FMIVDD,1.0
WANVAD,1.0
ILLIADQD,1.0
ILFAIEE,1.0
DPSVE,0.0
MMEDD,0.0
NFEIFTE,0.0
AGLLADD,0.0
MIFVHEE,1.0
LWTRTRKK,0.0
FLTYSEE,1.0
FMFEVAIE,0.0
YFMMATMPFK,0.0
GPPAMR,0.0
AAIVKAR,1.0
VVMMSKK,1.0
YAWVE,0.0
GIIGSEE,1.0
LLHIEE,1.0
VMEMSGD,1.0
WWNTATSEE,0.0
WWDMEAE,0.0
HLYTDVD,0.0
QRPHFFNR,0.0
EIFAAQD,1.0
WWFTEEE,0.0
IFLAQVEE,0.0
LFYKK,1.0
MLSVDD,1.0
WIPDMMAMD,0.0
IYHPQPEE,0.0
IIFTDQD,1.0
LKLGGKR,1.0
WEDNNEE,0.0
ENAGHSAGE,0.0
TLPK,1.0
ILTAMDD,1.0
WWDTEEE,0.0
KHQTVR,0.0
FIWE,1.0
MDPQD,0.0
FMFDD,0.0
WLIWDD,1.0
FFIAEED,1.0
LYWYEE,1.0
AAFMAEE,1.0
FMVWWMEE,0.0
GIMSSTEE,0.0
AWIE,1.0
FVHHMPWYED,0.0
LAGLASEE,1.0
YISIAVDE,0.0
ILMLDATE,1.0
KGQIHYR,0.0
GVITSGEE,1.0
IFVVGAQLIR,0.0
VPFTD,1.0
GIIGDD,1.0
IMFITEE,1.0
NQEDD,0.0
WVGMR,1.0
IGISGKK,1.0
NETQSIPDD,0.0
MGAHTWD,0.0
IIATMDD,1.0
VMSFK,1.0
PGGAED,0.0
PPVRPK,1.0
AWHPNPYRFK,0.0
AMAMAKK,1.0
HSLR,0.0
KLTK,1.0
LVGLSSEE,1.0
IVQKHWTNR,0.0
WLEANVE,1.0
MIEMDSD,1.0
QSPVWAMK,0.0
EMITGND,1.0
FVSITDE,1.0
FGQQFE,0.0
APPLMQD,0.0
VDLVAAAE,1.0
FWMEE,1.0
VGMNTFE,0.0
IIIEEGE,1.0
VVIKK,1.0
LDIIAEE,1.0
WEEESQE,0.0
GNPWHYDE,0.0
VIEFTNE,1.0
NEIAE,0.0
AAMAVEAE,0.0
LFMIDD,0.0
WFWMNDE,0.0
VWFYRR,0.0
ISIGDEE,1.0
LVWFEE,1.0
LFMFKK,1.0
WIQD,0.0
WQIAEAE,1.0
VYVIAHD,1.0
LTED,1.0
IFTLQEE,1.0
VIHGFDD,1.0
MFIGQEE,1.0
IIGVSDD,1.0
NIMKSSNNSK,0.0
AEVFLHHAD,0.0
YAFAE,1.0
IVMTMKK,1.0
FLIMRR,1.0
NFWTPAPE,0.0
AFMLAED,0.0
MLFKK,1.0
EEGHGYYE,0.0
MLIKK,1.0
YLPEHFAFE,0.0
WIMWRR,0.0
LGFIADD,1.0
LTFK,1.0
IEEHGDEDSE,0.0
IWFFDD,0.0
FPMPDED,1.0
YLSGKLPVIK,0.0
WESENEVSVE,0.0
FMDWYDE,0.0
WKFK,1.0
MLLATDD,1.0
VVGSASKK,0.0
VNEWSD,0.0
QGAWNR,0.0
FKHR,1.0
PPEYLE,1.0
PSLD,1.0
IMTLAKK,1.0
IFTIGRK,1.0
LVTVYED,1.0
AAFMWEE,0.0
MPPAVSK,1.0
ILLHTEE,1.0
FVYD,1.0
IMVKSGR,1.0
ISFR,1.0
PYYTGVR,0.0
AWPE,1.0
HPAHWD,0.0
FFWNKK,1.0
FAMKK,1.0
VKITAAR,1.0
AIIESEE,1.0
AIED,0.0
YQQITD,1.0
STMWSSR,0.0
VLLYRTK,1.0
YTVNK,1.0
MFLEGSD,1.0
LIIVENTE,1.0
LVWK,1.0
GRAK,0.0
PYTR,1.0
VHMRKR,0.0
WEINADE,1.0
LLAILEE,1.0
FMQQK,0.0
YHLR,1.0
LMDWWME,0.0
NAIAAFD,0.0
DFDLTNE,0.0
MAIAGTSGEE,0.0
QVDGEMAQQE,0.0
VFITKK,1.0
GILSDSMD,1.0
FMKAARR,0.0
PMYESD,1.0
IIGLTEE,1.0
VILVITEE,1.0
IGTIDEGE,0.0
IFMTPD,1.0
GVYNMD,1.0
HKPFR,0.0
ISIE,0.0
IILTGDTE,1.0
VLFKK,1.0
WKKLWR,0.0
ILLWAEE,1.0
WWDEENE,0.0
IGILSED,1.0
GKTYMAPIK,0.0
VIFMSDE,1.0
MDQHIVHHEE,0.0
QWYQYDE,0.0
ARTWTHHK,0.0
LIIVGEE,1.0
AAIVWEE,0.0
IYIWK,1.0
WMWVKK,0.0
VVAFSDD,1.0
LIKGIIK,1.0
LYIGKK,1.0
GIITGDE,1.0
VSVAAETEVE,0.0
DIDWWEE,0.0
WKVIGHGHQK,0.0
FNHWMND,0.0
MASVSGEE,0.0
QWPR,1.0
MWWIRR,0.0
WFWTEANE,0.0
WYFDANE,0.0
HLGGGTEE,0.0
PSFPNDDD,0.0
TLLIK,1.0
IILKTLK,1.0
MRQMHR,0.0
WYAHDD,1.0
TQIVNHD,0.0
AVLAKQK,1.0
IGLTSDD,0.0
VYWKK,1.0
YPMYNVE,1.0
GDIPGD,1.0
IIGISSEE,1.0
WFIYFR,0.0
LAILNFAR,0.0
IYPIE,1.0
IAIFDAE,1.0
VFWYDME,0.0
KNQWLTR,0.0
ILFNNKK,0.0
WWQDNTD,0.0
MYINADE,1.0
GLLGTDD,1.0
TIWPIPEHD,0.0
GSLLGDED,0.0
AHHE,0.0
WWLNEAE,0.0
GIIQAKK,1.0
LIGFDGD,1.0
FISALDD,1.0
LPLYK,1.0
LEQE,0.0
MWPKIR,1.0
GILTIDD,1.0
MTID,1.0
FWGAGFR,0.0
IAFGAKK,1.0
YLIPPLMLR,0.0
MYWDD,1.0
PAHQYAE,0.0
VAYVE,1.0
AILKK,1.0
FIWQYDE,1.0
PQLVD,1.0
FIGIETE,1.0
WYAYRR,0.0
LIWMKK,1.0
KYQNWMAR,0.0
ISIVGDD,1.0
GYLMD,1.0
IQPMVYNR,0.0
WLVDD,1.0
IISGLED,1.0
WWMFMEE,0.0
LISLGSDD,1.0
LLGSARGR,1.0
WLQTED,1.0
LIATKIR,1.0
MIFHIEE,1.0
LVLVASEIE,0.0
EIFAAQD,1.0
IYIITEE,1.0
WLAANEE,1.0
IPPE,1.0
ILLAADD,1.0
IIGSGEE,1.0
WWAHGEE,0.0
QYVWNSLNE,0.0
WIAANAADD,0.0
FWWMEE,1.0
FFQMDD,1.0
NIWE,1.0
WGWK,1.0
TIIGGTDD,0.0
VGLFDD,1.0
MWWRR,1.0
GMALAMEE,0.0
SHALNMVTHD,0.0
SNHK,0.0
MMFLEE,0.0
IWWIEE,1.0
WIHRFHVRK,0.0
HIYYVHFSR,0.0
WFMVDD,1.0
TMFQD,1.0
MWFWEE,1.0
KRIYTWVHR,0.0
IVAVAIAE,0.0
WIGDD,1.0
WFNEEASVSD,0.0
HMYAK,0.0
LDHD,1.0
KGPRGWK,0.0
LHFIMR,0.0
HHVNQEADD,0.0
FHAPR,1.0
AAMWTQEE,0.0
RFVFR,0.0
GIAMKAR,1.0
MVYTADD,1.0
TVFPPLK,0.0
ILKAAYK,1.0
IANGHQALR,0.0
YIVAADD,1.0
LMWQD,1.0
WYYYTED,0.0
WWYQDEE,0.0
QWWR,1.0
FSLDAAD,0.0
WGPFND,0.0
VIFTQDD,1.0
IYLYEE,1.0
AMWKK,0.0
WINALEEE,0.0
WDLYYDE,0.0
LVTDDIE,1.0
FIIGAR,1.0
VAIGGEAE,1.0
YYDVVAQIND,0.0
IGIISDD,1.0
HWWFGIQYWD,0.0
IISSIEE,1.0
NGQYWYAR,0.0
FMQGK,0.0
MRNSSK,0.0
VLVFEE,1.0
EVLVAND,1.0
WEINAEE,1.0
VISSEAEED,0.0
LLRMTSK,0.0
RTPK,0.0
ISISMDD,1.0
SQHWEQFE,0.0
FLLEE,1.0
IMWTQDE,1.0
WILLEE,0.0
AIVQGADD,0.0
WLALNAEE,0.0
MLGALSAEE,0.0
YLVK,1.0
MWIMEE,1.0
IVSLDSD,0.0
IYIEE,1.0
MAKMK,1.0
IHLPTWWE,0.0
PQWD,1.0
VMSYGEE,1.0
VVQSQWEFD,0.0
IGNPSE,0.0
VKKLKK,1.0
FMAITDD,1.0
LDVAVAALD,0.0
ILAYYEE,1.0
EMHME,1.0
QGYAVQTQD,0.0
YGAK,1.0
ILIWEE,1.0
LKKIAAK,1.0
LLYK,1.0
FLVADDAE,1.0
GSVR,0.0
LMVIDSE,1.0
ILMTGIDD,1.0
NLSMWTTTDD,0.0
VWLMKK,1.0
ISILSSEE,0.0
MYESD,1.0
YDPD,1.0
LVAFAKK,1.0
NWPIHIIKK,0.0
IGITSEE,1.0
KATLK,0.0
WKKAANK,0.0
YELLGE,1.0
LGLAKAR,1.0
WYWMQFE,0.0
RFRK,0.0
WWKYTYSAK,0.0
QWQMFR,0.0
FGFIK,1.0
AVAMKWK,0.0
RKSK,1.0
YGELAWD,0.0
VYVGKGALIR,0.0
LMVLIQDD,0.0
AALVKTR,0.0
YNMPD,1.0
YYLGK,1.0
LLMWEE,1.0
LIHVIEE,1.0
ILYE,1.0
WWEDVEE,0.0
ALLMKK,1.0
WFIYQDD,0.0
LLIEE,1.0
KHTWSKTWR,0.0
LWTGVR,1.0
SPLEE,1.0
WEIEEQD,1.0
FMIADSE,1.0
LYYLEAE,1.0
FIFTDGE,0.0
IIMIEE,1.0
DPYD,1.0
EMTTE,1.0
LVIVEE,0.0
TPLTQE,1.0
PEPHWHVSD,0.0
AYMD,1.0
ITIIDD,1.0
IGHGD,0.0
LISYEID,1.0
MMLKK,1.0
AWWD,1.0
LLFSGED,1.0
FLVAQKK,1.0
WNIANEE,0.0
VILLKK,1.0
EQPQHNSIME,0.0
ALVMKAK,1.0
LFTRMVK,1.0
FYHE,0.0
TYLQR,1.0
WWMNQSEE,0.0
MVYIEED,1.0
VWHRK,1.0
AHHNLVYAPD,0.0
LVELMAD,1.0
LVYVADD,1.0
ISIVGSEE,1.0
LSLGVSEE,0.0
WDWD,1.0
YVTAR,1.0
WTLED,1.0
TMAWDD,0.0
VLTKK,1.0
WEINAENE,0.0
IITISGDD,1.0
VAYPVQPE,1.0
QEPQD,0.0
YLEEVE,1.0
QNAWMLVFVE,0.0
GIILTEE,0.0
FMMLEE,1.0
YWAGD,1.0
PHRQWYFR,0.0
VNRRNLNK,0.0
GFALAKK,0.0
LSAAME,0.0
VPSIE,0.0
WQFE,1.0
VYILSD,1.0
LAIKSAGLFK,0.0
LLSAAAVQEE,0.0
FMMWWQEE,0.0
VIHGEE,0.0
DLMVYD,1.0
IIFVKK,1.0
LLVWKK,1.0
AWPFK,0.0
VFYE,1.0
AIMIHDD,1.0
LLVFSRR,1.0
WFAVK,1.0
VMVLDED,1.0
YSHWDE,0.0
YNGQRTLYR,0.0
WPSRR,1.0
MVIMEE,0.0
AESQHDQME,0.0
MFLMIEE,1.0
LYWEE,1.0
PYYFD,1.0
GPMPHE,1.0
WMLR,1.0
LLMDQFD,1.0
GGLIADD,0.0
AAQK,0.0
ALAKAKR,1.0
LIMFVE,1.0
LIIMDGD,0.0
IFLVEE,1.0
FSYK,1.0
WIINDED,1.0
FWWADEE,0.0
MWAKK,1.0
LIMLKK,1.0
VLFIKSK,1.0
MKGIVR,1.0
PGTD,1.0
LGPK,0.0
AYSDSD,0.0
IILGTGDVHD,0.0
GFFVE,0.0
GGPTYATK,0.0
WQISNAKK,0.0
RLSRPRQRR,0.0
TFIMK,1.0
FMFYDD,0.0
WLDHE,1.0
WWNSAEGE,0.0
QHPYQTK,0.0
VDWMWED,0.0
ILLETQE,1.0
LIHEAEE,1.0
ASLMVRIKK,0.0
FLSADD,1.0
VSVGSEEE,0.0
GIAWEE,1.0
SMSLAGEE,0.0
FLVSAKK,1.0
LPFAR,1.0
LFGSVGEE,0.0
QENE,0.0
YAIGD,1.0
LFGSEEGSE,0.0
RSNR,0.0
WINAEEE,1.0
YIVQRK,1.0
LWIGGR,1.0
AWWVMLE,0.0
FFTGADD,1.0
VVVMSKR,1.0
KGLVLTPWSK,0.0
VMFFDD,0.0
PFPR,1.0
PWGQE,1.0
WWQSENE,0.0
YIIGLEE,1.0
LILFRR,1.0
QHFWMVDD,0.0
IGIK,1.0
LYIMDGGE,1.0
FEAPLSQVD,0.0
VIHR,1.0
TWRR,1.0
SVVSGEESE,0.0
ILEYDQD,1.0
SIGITEE,0.0
WWYGTNEE,0.0
LYVTD,1.0
VLFSEVE,1.0
MSVTR,1.0
NVLTD,1.0
GILKK,1.0
IGSIDD,0.0
IGISLDD,1.0
SYQGNEWGE,0.0
AAILYAEE,0.0
LHVKK,1.0
QQYSYR,0.0
FMVVDD,1.0
AIALADD,1.0
LVFADGE,1.0
YMEAED,1.0
VLSVGSEE,1.0
VVIATDQD,0.0
MKNQR,0.0
AIAWQEE,1.0
PVNFMGPAVE,0.0
VAKGYK,1.0
ILLETMD,1.0
GPFQR,1.0
LLGEIDPFED,0.0
GYMLWYGK,0.0
ARIR,0.0
AALLSAEE,0.0
IFFAKK,1.0
GHPVWRK,0.0
FMVEE,1.0
AAFLAEE,0.0
MWMVKK,1.0
ILHD,1.0
IGIVGTEE,1.0
LFTKK,1.0
AMPHK,1.0
LIKK,1.0
FTIEE,1.0
VIFYAEE,1.0
FPQPPVHKR,0.0
IISGTNDD,0.0
VVVFVAAE,1.0
FVSYR,1.0
VSIAKK,1.0
IVYVYKMLYK,0.0
NFWYVKR,0.0
WWDNQASE,0.0
WWENMTEE,0.0
PMWVK,1.0
FIHSFMTNFD,0.0
ILVGHEE,1.0
ALIYAGDD,1.0
YQWPR,0.0
WFVDSE,0.0
FMGWWRYK,0.0
LLWEE,1.0
MIFADLD,1.0
GILAAAEE,0.0
LFLEE,1.0
VTLMADD,1.0
IMYIRTR,1.0
LVFTMDD,1.0
VLHGR,0.0
IIGTIDD,1.0
WWAAYSEE,0.0
ALIKKRK,0.0
NLDGEIAD,0.0
RFMGKGVK,0.0
AALVIAEE,1.0
WWAIASEE,0.0
IFLYTEE,1.0
VIIFGKK,1.0
PFPD,1.0
GMALLDAE,0.0
LVYGIEE,1.0
LNFGSATYLE,0.0
WWMMKK,0.0
VYIIKK,0.0
IEDAIHPSNE,0.0
YLVPR,1.0
MYAFAEE,1.0
IWWEE,1.0
TLWR,1.0
SKLR,1.0
YQMKVKR,0.0
KVHR,1.0
VFMK,0.0
WAAGPVATTR,0.0
QMNQILQK,0.0
NEHD,0.0
WIYDAE,1.0
MWGE,1.0
YAIKK,0.0
LGGITGEE,1.0
IIISGSEE,1.0
WNYVTAE,0.0
WFFIKK,0.0
QYDFPVD,0.0
IGLISDD,1.0
IVFFKK,0.0
MMMIEE,0.0
LITD,1.0
MVWAIDD,1.0
MFGFGAHQEE,0.0
ILIGTGDE,1.0
IISGLEE,1.0
IVTLTDD,1.0
IIISTMEE,1.0
VMWIKK,1.0
WDPIVD,0.0
WDYYNQD,0.0
MFLVSEE,1.0
MLMFEE,1.0
EDVWD,1.0
LLNK,0.0
FVPMMANWDE,0.0
ARHAIMQK,0.0
FFIR,1.0
VWVIDD,1.0
GKAK,1.0
MMVSGEE,1.0
LLVVAKK,1.0
LIMFEE,1.0
AIALRAK,1.0
IMVLKK,1.0
VPQD,0.0
LILVKK,0.0
IIDLAGD,1.0
MVHE,1.0
MWQAK,1.0
FMFVEE,1.0
RTPQNIVGSR,0.0
MWTEE,1.0
VYVARR,1.0
LLIIAR,1.0
GIAAWQEE,0.0
WGVVNE,1.0
MQQGR,0.0
IFYD,1.0
IISGLDE,1.0
FYVHEE,1.0
FPED,1.0
ASVDID,0.0
HLQMRLQAK,0.0
IIIMKK,1.0
LLWLE,0.0
PIVSLD,1.0
LGAFK,1.0
KGMMKR,0.0
WLEEEDE,1.0
QWFGNDE,1.0
FVLEGEE,0.0
NKQWRFK,0.0
IGHHIK,0.0
WLFFDD,1.0
WEEQVIE,0.0
LILALSELD,0.0
IMFASKK,1.0
PHPD,1.0
NEWFSANVD,0.0
VIIVIKR,1.0
ALIAPPD,1.0
WISK,1.0
YSNGNPNE,0.0
FIDETD,1.0
LMIWEE,1.0
AMWSED,0.0
FLWYRR,1.0
VWYYE,1.0
LMVLEE,1.0
HRNHHHK,0.0
LLHISEE,1.0
HTKLKMVWWK,0.0
TQGIGFTFPD,0.0
WIFYDD,0.0
RWTFK,0.0
PQYGRFTQWK,0.0
LSIMDD,1.0
IGLISDD,1.0
IIVVKK,1.0
IMYTD,1.0
PWED,1.0
RSTR,0.0
ILGIAAVDD,0.0
WITK,1.0
VFVGDD,0.0
APIMIFLR,0.0
IMILEE,1.0
IIGTSEMAD,0.0
GIWKK,0.0
WQKAR,1.0
AVSQYPLLR,0.0
ELAGVAELD,0.0
WFFWSEE,0.0
FVIIEE,1.0
WLNWNAKK,0.0
RAMHSK,0.0
IWTMADD,1.0
YIPE,1.0
VFTVKK,1.0
PGPHE,1.0
VMHE,1.0
DIYGMD,1.0
IIWWRR,1.0
VDYIVSE,0.0
VQQHGSPGE,0.0
LVGEVSD,1.0
IWMQFSD,1.0
LITSGKSSK,0.0
YFYDQE,1.0
QQGMKK,0.0
GYAK,1.0
SSFAVNNK,0.0
QKQATVPR,0.0
IYLNVDD,1.0
MIDLND,0.0
IIEVSDALLD,0.0
MKVRR,0.0
FLYDAQE,1.0
VFLLEAE,1.0
FYWQDD,1.0
WFYANAED,0.0
AFIE,1.0
AWFDDE,0.0
WLENSAE,1.0
KMWTMK,0.0
IYIMSEE,1.0
LKPK,1.0
MLKIAIR,1.0
HIVNTDQE,0.0
ISVGVSEE,0.0
IGITGED,0.0
TYAWK,0.0
VLLVVVD,1.0
AVLQKAK,1.0
LVFDNAE,1.0
NQQLTTGYK,0.0
YPPTSK,1.0
LQMD,0.0
ISWTYAYRHR,0.0
FAFLGAR,1.0
LTFMALNVR,0.0
AWGK,0.0
NLRK,0.0
VWTPGE,1.0
PNFHLIQE,0.0
AFSEAEYVD,0.0
IILGTDD,0.0
WVRR,1.0
WVHLK,1.0
LLLIEQE,0.0
IYISAAEE,0.0
MVTNVED,1.0
LLMAVETE,1.0
ALAMARKR,0.0
ILQHIQFK,0.0
MYNPHE,0.0
FVYGAEE,0.0
YLFAAEE,1.0
FVVVEE,1.0
LIHLQEE,0.0
AGLDWDE,0.0
MNINMR,0.0
MHYPD,1.0
LLHWD,1.0
EIFGFDE,1.0
GMALAED,1.0
WYYNTAAEE,0.0
QRAK,0.0
MGILSRR,1.0
MILQTPMD,1.0
LSKLGPNFFK,0.0
LYIMSEE,1.0
IVLSGRK,0.0
AIVADAD,1.0
VFVSMEE,0.0
FMLQSEE,1.0
KRQNR,0.0
MYLQRK,1.0
WLAENAD,1.0
APVVD,1.0
VEIQEPIFE,0.0
MWWMMEE,0.0
MAFTEE,1.0
DDMNEE,0.0
LNIIYFEDQE,0.0
LVKGLGK,0.0
WIWWTEE,0.0
WPMYGED,1.0
PFPPRR,1.0
AALVAEE,1.0
MKMRQMHHR,0.0
MDLWDWE,0.0
VLYDD,1.0
GIAKVAR,1.0
MPPAIGR,1.0
VIGFK,1.0
GMQR,0.0
TRHFR,0.0
VIFFEE,1.0
YLTD,1.0
VVVLKK,1.0
IMWWFEE,0.0
DILPGGYGHD,0.0
QLDTEMDAGD,0.0
ALVIGDE,1.0
IIAMSEE,0.0
HWQHPFSNK,0.0
GISDVGD,1.0
WYYAAHEE,0.0
LMAFGEE,1.0
PHLK,1.0
IFWFKK,1.0
ILWLEE,1.0
SLLGTSEE,0.0
MWWWENE,0.0
YFAE,1.0
HHKFTTSK,0.0
PNQAFNQND,0.0
FYYYMEE,0.0
FHVD,1.0
QNLGIRQAK,0.0
LIYAIDD,1.0
GPMR,0.0
IILIGSDD,1.0
LWLMKK,0.0
GLSLGTEE,0.0
YMLATEE,1.0
IISLDGME,0.0
ENYILE,0.0
LFAMIEE,1.0
MISIEAD,1.0
IWLLKK,0.0
LMFEE,1.0
MLADDAE,1.0
KHMGR,1.0
FILTQVR,1.0
FLVESNPYMD,0.0
SMLVMGKQMR,0.0
WIESEQE,0.0
VFMIDD,1.0
SQFEDETNWE,0.0
WWAMNKK,0.0
GALLADTE,1.0
SAPTWR,0.0
WRGNAIK,0.0
IISSGARR,0.0
IISGKK,1.0
AQGD,0.0
LLWLEE,1.0
QGELED,0.0
YIEIDAD,1.0
YPWNAAE,1.0
GAFMAEE,0.0
LVHLQVDD,0.0
IFGWADE,1.0
IFVGGEE,1.0
LILLEE,1.0
MFHGAD,1.0
FVWFDD,1.0
AIITAEE,1.0
IILGSDD,1.0
GLWHE,1.0
IIIITDD,1.0
VPIQVDD,1.0
MILSGAASSKK,0.0
ILTVQKK,1.0
TIFK,0.0
LMVDTGD,1.0
LAMDAAD,1.0
IAISDD,1.0
VGGYLIVED,0.0
MLTLIEE,1.0
DYNWSTGE,0.0
AFSWWFIK,0.0
LWLLEE,1.0
LLYNIEE,1.0
VWALRR,1.0
VIMLR,0.0
HTSTALLAE,0.0
IISDGGE,1.0
VVLVEE,0.0
SIVGAAGEE,0.0
ALALWEE,0.0
IMVYDNE,0.0
LKRMRHQK,0.0
ILIGTDD,1.0
AGILTKR,0.0
AFFIAD,0.0
IIGVSGEE,1.0
MIAGGSEE,0.0
FYALRR,1.0
IAPDFMEE,0.0
DINHHMHDE,0.0
VFLFKK,0.0
MMTK,0.0
YIKTAR,1.0
IWAEE,1.0
PVNFEDE,1.0
LHHLNKPQK,0.0
WLANNEE,1.0
WYYSRR,0.0
FHLEDD,1.0
GWMSE,1.0
YLLGIGR,1.0
TFHANLLDVD,0.0
MLKISVK,1.0
IVFTLEE,1.0
KLYRK,1.0
TPGWGLR,0.0
HVVYE,1.0
WITR,1.0
VQHFAGTR,0.0
LFGQSGEEE,0.0
YFTE,1.0
QMWDD,0.0
GRHWMSHVVR,0.0
NQRFGGR,0.0
IISFAEE,1.0
IMWMETE,0.0
AALIAEE,1.0
DFEYED,0.0
WLQQTEEE,0.0
QLVIHR,0.0
LGLSALEE,0.0
AMAVSAESEE,0.0
WVIK,1.0
KLKK,1.0
TWMK,1.0
LLEYSGD,1.0
FVIFKK,0.0
YDSD,0.0
WQVAD,1.0
VMMFSEE,1.0
ISFDE,1.0
PESNGNE,0.0
IISSTAEE,0.0
PKAK,1.0
GIAHHQHAMR,0.0
LVTFR,1.0
LLYEE,1.0
WYDYAGE,1.0
FSHYIYYGHE,0.0
VNKSIVK,0.0
HMNEQHEDE,0.0
FLED,1.0
YQTNSPVRAR,0.0
IHDD,1.0
IYKR,1.0
AILKKGR,1.0
LIFADSE,0.0
YWYMMRR,0.0
WFWASEE,0.0
MFVAMDD,1.0
AQWE,0.0
MTIYNR,1.0
KLRK,0.0
GIWME,1.0
PKYK,1.0
VEIAVQGE,0.0
WQHIK,0.0
WYARKAR,0.0
ILYIMDD,1.0
VLMAKVR,1.0
YLFEE,1.0
IFKK,1.0
PNPYD,1.0
IGWYE,1.0
GIKAKMK,0.0
IAFVESD,1.0
LLHMD,1.0
IKLMSAR,1.0
MVWDD,1.0
FFFMMWEE,0.0
WEYASD,0.0
ITQAMK,0.0
WVVDD,1.0
RQTFPYYVVR,0.0
WFGK,1.0
AVMLSADD,1.0
VLGRR,0.0
PYQMADD,1.0
KWGTR,1.0
TPWGWPIK,0.0
YTVGHK,0.0
ILWGAIK,1.0
FMLWEE,0.0
MAIGASGEE,0.0
LIYAQKK,1.0
IYLGKK,1.0
NLEYD,0.0
LNGRVTHYHR,0.0
SLVTGSEE,0.0
YYYYDDAE,0.0
QYFFLPPKKK,0.0
FLYKTK,1.0
TGMFLFNYPK,0.0
EMGIE,0.0
FLLWEE,1.0
IAKFMAFMVR,0.0
NSRPGYVSMR,0.0
EFWEWEE,0.0
YTAWGPFTWR,0.0
GVAQWAEE,0.0
HIWK,0.0
IVVWDD,0.0
IEDSAD,0.0
LLRMSK,1.0
WWMANDAD,0.0
VLEIAAELD,0.0
GGVLSAEE,0.0
VPYR,1.0
GLTISGEE,0.0
WWNDADTE,0.0
KPPTR,1.0
IGLKSRSAAR,0.0
WAHHK,0.0
PRHGYAR,0.0
IWAGR,1.0
VIIMK,1.0
GIMSIGEE,1.0
DVYED,1.0
ILESGIE,1.0
VHAPPD,0.0
ANWQMGQIPE,0.0
GQRFSVVR,0.0
LIYEE,1.0
AMAKAMK,0.0
LLYYNDD,1.0
VLASVKK,1.0
WWQSEE,1.0
ISISMEGE,1.0
WKIQR,1.0
DLFHE,1.0
WDYYQED,0.0
VFILSED,1.0
IFIMKK,1.0
YSVWDGEE,0.0
ATYSQNLKR,0.0
LIHK,1.0
YKFR,1.0
VMTWGE,1.0
ISITGSEE,0.0
DLALD,0.0
LLIKR,1.0
PHLTFR,1.0
LYVMDAE,1.0
FMWWNRK,0.0
WFEIHE,1.0
GLAKNR,0.0
VFVVAKK,1.0
PHNK,0.0
PMGK,0.0
FVESAD,1.0
MMSIVDD,1.0
ELLSE,1.0
IISMGDTE,1.0
MFMLNLD,1.0
LALIAQEE,1.0
ILASDAIIE,0.0
LLFESAE,1.0
IGLSAASDE,0.0
VMLLAKR,1.0
YLHHD,1.0
VVMGTKK,1.0
HVLD,1.0
VMGTK,1.0
PPYWMWE,0.0
EIVMAAD,1.0
IISVTSEE,0.0
AIIKIAR,0.0
MFYR,1.0
HSKSKYMQR,0.0
FFFKMKK,0.0
MVFVDD,1.0
LVFLKK,1.0
MSPVLR,1.0
IILVIIDD,0.0
EILGTED,1.0
PMKK,1.0
AMLLGFD,0.0
TISMGR,0.0
IVYMMEE,1.0
VLMTLDD,1.0
WKISANNK,0.0
WWAKRAK,0.0
ALMIRSK,1.0
AAIWQGEE,0.0
IMVMKTK,1.0
WEWENMESD,0.0
IMLGHDD,1.0
FIVLEE,1.0
WAWANKK,0.0
NPLYYR,0.0
IIIVEE,1.0
LTIGIDD,1.0
FVIEVGD,1.0
FKISKIKMPR,0.0
LFIQGKR,1.0
MMTYYEE,1.0
FMIADAD,1.0
LFFWRR,1.0
IIILHRR,1.0
IFLEEAD,1.0
QPYD,1.0
ITFNR,1.0
LVSGGEE,1.0
GPMYAE,1.0
LVLLEE,1.0
WYKRAATK,0.0
WWNLSEE,0.0
MFWWNDD,0.0
HARAWRRRMK,0.0
WWLAEE,1.0
LVITGADD,1.0
WFFWAEE,0.0
GLLFSEE,0.0
VVFVDD,1.0
IILGSKK,1.0
WFVYFDE,0.0
FGIAIEE,1.0
LWAEVAD,1.0
VTLFMFMLIR,0.0
VAWKK,1.0
PEND,0.0
AVSLTD,0.0
MLIGSDE,1.0
AILALRR,1.0
IVAVTDD,1.0
IVYSLDD,1.0
IAYIATK,1.0
ILMKKAR,1.0
DTEYME,0.0
LAPIWSYGK,0.0
LYFQFD,0.0
LVLWDD,1.0
SSKWR,0.0
GIAIAEE,1.0
WFAEE,1.0
ELFSGGE,1.0
TILIGDD,1.0
ILSAVDE,1.0
FFYRR,1.0
GLAAEEE,0.0
LFGAALAID,0.0
YHSYWSAE,0.0
FIVDSED,1.0
IGMHK,1.0
VMLMDSD,1.0
QLNPYGR,0.0
AIALDAE,1.0
GMAIKKR,0.0
PSFR,1.0
WRNWFLNR,0.0
GVLK,0.0
FLMGGRR,0.0
MYYADD,1.0
MWGK,1.0
YVWYNPQVD,0.0
FVLYADD,1.0
LAVQVK,0.0
IVKTAIK,1.0
NIYVANSDND,0.0
AIFIAE,1.0
MSLEYD,1.0
VMLIKK,1.0
FVVPFD,0.0
AAVDWAE,0.0
IAASVGEE,0.0
TIYIRPR,0.0
AILQAKR,1.0
LMWWEE,1.0
LMVEAAD,1.0
FVDHE,1.0
MVFMQDD,0.0
LVGYSDD,1.0
MFLLKK,1.0
IILGDVAID,0.0
AMAFQKK,0.0
MIAITDD,1.0
ALLSLGAEE,0.0
GSIIAGEE,1.0
PFKFK,1.0
AVLAKKR,1.0
VLIEGGGD,1.0
AIILSSGEE,0.0
WLWMEE,1.0
IMVEHED,1.0
FLIKK,1.0
KLNGTK,1.0
VSLSASEE,0.0
WMIMEE,1.0
EHYNFQIWE,0.0
MIHK,1.0
MAIAMTEE,1.0
MVWLKK,1.0
NNFIE,0.0
MMAKK,1.0
VFVLEE,1.0
ILISIGEE,1.0
YPWPFTR,0.0
TMQSTK,0.0
ISLAGLEE,0.0
TIKQWQYK,0.0
HRIRKLQQHK,0.0
NEMILWED,0.0
FWAK,1.0
LHIK,1.0
MLFQESE,0.0
IWFMDD,1.0
HFGIVHQVWK,0.0
WFFMMEE,0.0
WAFVYDWMD,0.0
FVWMDD,0.0
VFINVDD,1.0
MQSIK,1.0
HMFNWSE,0.0
QLQHPVYLD,0.0
WTAPHHAR,0.0
LILEGVE,1.0
LFWYQDD,0.0
MMLSEIE,1.0
IWIHE,1.0
KFVR,1.0
VSAVSSEE,0.0
YVFE,1.0
ALMR,0.0
GGLDLTD,0.0
HFPE,1.0
IYYAVR,1.0
YQPLK,0.0
MYFE,1.0
IVIESIE,1.0
NAAE,0.0
FMYKK,1.0
IYAIMDD,1.0
PISD,1.0
GAILTQEE,0.0
MWYYEE,1.0
LLFHMEE,1.0
LAIMTQGE,1.0
WYYADAQE,0.0
ILVGIAEE,1.0
FIRHK,1.0
MWYTR,1.0
IALVSDE,1.0
GIAIKK,0.0
AIMAKKK,1.0
LVDSVSE,0.0
ILLLKAR,1.0
VIVYAEE,1.0
YIIAAEALHD,0.0
AALVDAE,1.0
LVWYK,1.0
EGIEFITHQE,0.0
LMLSGSASTEE,0.0
LVLSDAE,1.0
IILIEE,1.0
LYWMD,1.0
LVVFKK,1.0
VVLE,0.0
VDLVAAE,1.0
MFWFDD,0.0
WEEEEWFTWD,0.0
LDISLGE,1.0
DGPPDYGVDE,0.0
FAPNMDFE,0.0
ALALAAEE,1.0
IGSR,0.0
FMMEHGE,1.0
FIWIKK,1.0
LISIGDME,0.0
SMPIIGE,1.0
WDFD,1.0
AILKQAK,1.0
VLHAKK,1.0
MMKAVR,1.0
WDNQD,0.0
LFLGIK,1.0
FIVSYHND,0.0
IISIGDD,1.0
ILIMEE,1.0
WEEEATESHD,0.0
GALLAGTEE,0.0
IFVYKK,1.0
SLYLTWYE,0.0
FWWNNEE,0.0
MIMFEE,0.0
LLAGLDD,1.0
AAVWARR,0.0
WWTE,1.0
AIQMKAK,0.0
GLGLTGEE,0.0
VHLLEE,1.0
TPKGR,1.0
LEISAGGE,1.0
VMGPIWK,0.0
NGRHTGRIK,0.0
HVITPED,0.0
ITMK,0.0
SLISPIE,0.0
PAYLLNGE,1.0
VMFTAEE,1.0
IVIWDD,1.0
TTAVNPIK,0.0
GQDNIGFD,0.0
VYPK,1.0
ANNK,0.0
WEED,1.0
VIHAQK,1.0
WAPMD,1.0
MFMNETE,1.0
AALAVVEE,0.0
ISIITEE,1.0
WIYKK,0.0
QPIWWMFK,0.0
LALKK,1.0
HKTQGR,0.0
VPLTANE,0.0
HSFMVDFAPD,0.0
LNLYVDD,1.0
VLVHE,0.0
LMLSTEE,1.0
VRQAITMR,0.0
ITTNHK,0.0
IKIIQAK,1.0
IVAFESD,1.0
GGFPKMK,0.0
VLMYEE,1.0
MALSGSEE,0.0
LVAKK,1.0
NENHAFME,0.0
VWILKK,1.0
AILKRRK,0.0
TLMIDD,1.0
VIYGSEE,1.0
PLETPD,1.0
LAYEE,0.0
MFIEQLE,0.0
WIEAEESEWD,0.0
HSTVYRLHR,0.0
HAEFWGSQD,0.0
VSITSSEE,0.0
FMVIDTE,1.0
SGRRAHR,0.0
LIIIEE,1.0
LGFWPE,1.0
WYVWDNAD,0.0
AWWE,1.0
AAIVKGK,0.0
ILFWEE,1.0
ILFETQE,1.0
KLWR,1.0
WMWEE,1.0
YMYVEE,1.0
GIAAPKWK,0.0
VMAWD,1.0
WLNSSQEE,0.0
IVHGDD,0.0
WWQDTDE,0.0
WIIR,1.0
IIMWKK,1.0
YGTKQNAGLR,0.0
VMSMDLMSD,0.0
RYMWGK,0.0
VLPWLPFTAD,0.0
YSLTR,0.0
LEEMTMD,0.0
IIFDAGDE,1.0
QSTYKNIIK,0.0
VLIAEDD,1.0
WDWNEEE,0.0
VLKSNK,1.0
IFLAGKR,1.0
FKRKGSTK,0.0
EFFHE,1.0
WVEMDD,1.0
VDQNE,0.0
LFGVSEE,1.0
TIIIGDD,1.0
IMYGGEE,1.0
AADSGGPAWD,0.0
NYNAYHK,0.0
YQRGQHNSYK,0.0
GILAAAKK,0.0
SVGNE,0.0
QYNEMFTE,0.0
GILSDGE,1.0
MFMMEE,1.0
IWAWVPE,0.0
LMSIDGD,1.0
IGLLSGEE,1.0
GILGDDE,1.0
LFNAFDD,0.0
VVIDDSD,1.0
SKLRYR,0.0
FLWVDD,1.0
YATD,0.0
QNHGYLR,0.0
VLGSGEE,1.0
AFIQDAE,1.0
MHYE,1.0
FVVDTGD,1.0
NPIQND,0.0
FAVKK,1.0
EGANTPWID,0.0
MMMHTEE,1.0
FYAED,1.0
IGLKVK,1.0
YIYKK,1.0
FIWLEE,1.0
SGIIWWFR,0.0
WVWFPE,0.0
LWNYVE,1.0
LLLSTDD,1.0
GAYLD,0.0
GEMTE,1.0
ENWD,1.0
ILITGGDD,1.0
YYIMD,1.0
IMFFDD,1.0
LYLKK,1.0
WEEANVHVE,0.0
FIMTAKK,0.0
MWSWDTMYD,0.0
YRVFR,0.0
KMVK,1.0
AAMIAGKK,0.0
ISILTSMNMEE,0.0
IWMLEE,1.0
WENEAED,0.0
TWRNAVNYVR,0.0
WAFSHYPDD,0.0
AQMQNHGYR,0.0
ELVSAME,1.0
LMGGTSAEE,0.0
WLEAEEE,1.0
WEENNTE,0.0
FIMKK,1.0
MFASVDD,1.0
WVLWEE,1.0
LDVVWFHYDD,0.0
YWVGKRKAR,0.0
YLVR,1.0
RFPKK,1.0
GSMIDGEE,0.0
LFVFEGD,1.0
IIGLSEAD,1.0
GTLLAASEE,0.0
WGGIQD,0.0
QLLASTVK,0.0
ELSYAD,0.0
YFKRWWGKHR,0.0
HIIISMVE,0.0
PGKMQMMR,0.0
ILGGTTEE,0.0
GGAK,0.0
FPNNTD,1.0
LGIDYDE,1.0
VVTIIDE,1.0
PMMWYNR,0.0
LYMKK,1.0
MWWKKMMK,0.0
FYEEFHE,0.0
IQTLLR,0.0
IIWVD,1.0
MVVKARK,1.0
PHLYD,1.0
IWLFEE,1.0
VLWVKK,1.0
LHNYVQKR,0.0
PIQSMK,1.0
AIMQAKK,0.0
FPGKWTAHR,0.0
ILSIISEE,0.0
LLAAGGEE,1.0
MLTGVDD,1.0
PIEDFND,1.0
WQWAANEE,0.0
IKIGIAK,1.0
AAIMATEE,0.0
YTVSHEDE,0.0
GHHAIWQGR,0.0
WNFNNAEE,0.0
TTKVR,0.0
PMLD,0.0
SQSWD,0.0
GAQFTVNKR,0.0
FVLSGDD,1.0
APFNK,1.0
FLALEGD,1.0
IGTLDSTE,0.0
WWNNDATE,0.0
VGHLKRFIHR,0.0
IQYWDD,1.0
DVFQLTDE,0.0
MLNAMDMHD,0.0
HLGD,1.0
DIVVSSE,1.0
MFSR,1.0
THGKMWGLLK,0.0
IMIHGEE,1.0
MMVADTD,1.0
IGLIDGD,1.0
HYPDTYAHWE,0.0
GVPHINE,1.0
LMLSNAED,1.0
LHVE,1.0
ILIYNHD,1.0
IITGDGD,1.0
MSFDID,1.0
GILITDAE,0.0
EMFD,0.0
FFFIDD,0.0
LMHE,1.0
LIGGSEE,1.0
GLKAKRK,0.0
FYVQK,1.0
YIYFDD,0.0
WWVAADD,0.0
SIILTDD,1.0
WWQQSDD,0.0
TITVYAHD,0.0
VIVTGRK,0.0
AVNWK,0.0
LMFDVTE,1.0
VLVAMKR,1.0
KLWGWKR,0.0
HGQFPTE,0.0
TVWMYTLNMD,0.0
MLVFKK,1.0
WYYAAQEE,0.0
LMLEE,0.0
VVYGDD,0.0
LFWVDD,1.0
KKSPR,1.0
LVDFE,0.0
EEQE,0.0
YVWAR,1.0
MSIGD,1.0
WLINAEFE,0.0
GIIQKSK,1.0
GIGLTDD,1.0
PDVYEE,1.0
KLHVRK,0.0
IWIIEE,1.0
MVALSEE,1.0
MLMVKK,1.0
IILGDTD,1.0
PLTWIR,1.0
QSMDQVGADD,0.0
PTDLD,1.0
WWVANKK,0.0
WLQASENHE,0.0
FMVSEEGD,1.0
MGIYADD,0.0
PTIQK,0.0
EAYD,0.0
WNYQYPK,0.0
VIYRKR,1.0
HNEWHHQDTD,0.0
FELTDE,1.0
WDIND,0.0
VAQWK,1.0
NWNPPRLWTR,0.0
LMTMSRK,1.0
MGVHPVK,0.0
MLFARGR,1.0
FIVMEE,1.0
IHEYE,1.0
LMVDHGE,1.0
FIWFEE,1.0
MYWYDD,1.0
GIIIDDD,1.0
LMMRSYYFR,0.0
PTLGKAK,1.0
IILKK,1.0
YLSK,1.0
EWLMSD,0.0
VLLFKK,1.0
IISGGEE,1.0
YYFDD,0.0
AVLVMAEE,1.0
ILLMKNK,1.0
VFPTR,0.0
MDILGAAE,1.0
AVAMKKR,0.0
GLIARAK,1.0
GIAIAEE,1.0
LAMYKK,1.0
FILINDD,1.0
AYQTVIWGK,0.0
WYQRRTK,0.0
WLFYRR,1.0
WWAMAKK,0.0
TSFVRWMYHR,0.0
GLLLARK,1.0
AMWD,1.0
FYED,1.0
MFKAIAK,1.0
IELGYD,1.0
LIAQKAWHR,0.0
AGWHSHIR,0.0
PLPVNHD,1.0
IGIMKGATLR,0.0
MYQWDD,1.0
WLENSAAME,0.0
FELD,1.0
ALYAAED,1.0
PIMGYMKMK,0.0
KIPIRLQK,0.0
LLEYSGD,1.0
FIWDD,1.0
FILQESE,1.0
FIFWDD,1.0
MMLSTEE,1.0
IVFNFEE,1.0
GWNIGRSMTR,0.0
AFVALEE,1.0
NETYSE,0.0
AEIVAAD,1.0
AYWD,0.0
WLED,1.0
LFAIDQALD,0.0
IMTAWE,1.0
FFYMPNLPFK,0.0
LGLMAED,1.0
KSYR,1.0
ILFMKK,1.0
LLISMEGD,1.0
GGSLQGYVVR,0.0
HVPSARPR,0.0
LFSK,1.0
IGISMDD,0.0
WYYYNNDD,0.0
YVGKK,0.0
YRLSR,0.0
IIGITAEE,1.0
WWEAETME,0.0
WEQEGEE,0.0
LEAVHE,1.0
IFWKMMK,0.0
HYTGLQAIE,0.0
KFWHSKHK,0.0
IYDWYDE,0.0
EQYE,0.0
LMALDAAD,1.0
ILTGDAEE,0.0
KMIASAR,1.0
FFIYKK,0.0
TYTFPYEGE,0.0
VYSFE,1.0
MHMTPQWLNE,0.0
NWMHISHHYR,0.0
IGVSAAAEE,0.0
LISLKQR,1.0
ILGAESDEE,0.0
QSHD,0.0
ILGLSSDD,1.0
AVKIHVHR,0.0
LFWQDD,1.0
LALKSVR,1.0
AILARRK,0.0
ALVIGDE,1.0
IYIAARR,1.0
WEENNIE,0.0
AWMDD,1.0
IMLPK,1.0
VILVSRR,1.0
WFQR,1.0
VYDAD,1.0
YFSQD,1.0
VMGLAKK,1.0
AMAKMAK,1.0
FFLWMEE,0.0
WYYHQE,1.0
VILYQEE,1.0
WGQIPR,0.0
LPATWR,1.0
GLLTE,1.0
KWGR,1.0
LIAYETD,1.0
GLIVGDDE,1.0
LVLAAAGDD,0.0
RVKMGVGFKR,0.0
LFVALEE,1.0
IVSVASAGMDD,0.0
MFTKK,1.0
PPVD,1.0
ELLAGED,1.0
QVWLQFKYK,0.0
YFHR,1.0
LWFFMEE,0.0
HIQNMQSK,0.0
MIISKK,1.0
YIIIDSWWQD,0.0
FFWDD,1.0
GLVE,0.0
LWLLPWIR,0.0
GIMHHSSMR,0.0
HAHHDEGQD,0.0
IGILTEE,0.0
IKAWR,1.0
IYAAIDE,1.0
AHINYESGD,0.0
WPVNPR,0.0
IIVGSMEE,1.0
WFAQDD,1.0
IIALMDEE,1.0
GLALAKKSR,0.0
LMIKK,1.0
VAYR,1.0
WVDVTD,1.0
WWQAKNK,0.0
PPGWKNK,1.0
MFLPEHIWED,0.0
ISLTGAGKK,0.0
GMALAWEE,0.0
PLIGVPE,1.0
IMVMDTE,1.0
ALLLKK,1.0
MGESTVGTWD,0.0
IGISDAD,1.0
AFFNMHE,1.0
VLMATDE,1.0
IIGDLTDE,1.0
LILRRSK,1.0
LTIMAAEE,1.0
FLVSKK,1.0
WIEEEEGDD,0.0
GMAAWDE,0.0
IDFWYEE,0.0
WFFMDD,1.0
IPEFSQQLFD,0.0
WVFK,0.0
NSRRQLPNIR,0.0
IILGIDDE,1.0
NFVWNFYD,0.0
WWQNTSSEE,0.0
MLISLEE,1.0
LIYAGKK,1.0
VDLMTAD,1.0
STNTDLD,0.0
LMIIEE,0.0
FIVEVAD,1.0
TKSKMGYK,0.0
GLADAAE,0.0
ILTLAKK,1.0
SVIWVGPFPR,0.0
MVFYAEE,1.0
VTLLQFVELD,0.0
WVWIEE,0.0
LVFQDDTED,0.0
IFLD,1.0
LMMAIAEE,1.0
TQLWVHAWLD,0.0
VLWAK,1.0
MVIKK,1.0
MTTLGQR,0.0
IYIIGEE,1.0
IKMISSR,1.0
LHPVK,1.0
WLNANEE,1.0
MHYATMTIK,0.0
NYVEEGE,0.0
PDMYLQHD,0.0
FTME,1.0
QIFNMMHQSK,0.0
FWTQK,0.0
FIYGMDD,1.0
PISVAPD,1.0
MNQASLR,0.0
MNHTGPVTMK,0.0
MYMYAEE,1.0
AFTK,1.0
EIHIAQE,0.0
YQYDD,1.0
IVIKK,1.0
PWAD,1.0
VMLMKK,1.0
MMWYDD,1.0
LVFSEEE,1.0
SIIGTTDD,0.0
HIFPSR,1.0
KSPMAK,1.0
IMVESDE,0.0
WWHTQEE,0.0
MASYVQAHNR,0.0
YLMMIDD,1.0
ISIGDVD,0.0
YMGWD,1.0
WMID,1.0
TETMMIYE,0.0
VVAKSAK,0.0
IMMLEE,0.0
VIAITIDD,0.0
GIPPK,1.0
PIHGDPFTFD,0.0
FRMHFSIVMR,0.0
LFQKSSSVNK,0.0
LPATE,1.0
PADWD,1.0
IQMDTE,0.0
WHTE,0.0
MNDPGWNFAD,0.0
WIEWE,1.0
VLIGYEE,1.0
GIAAVKK,0.0
LIFDMSE,1.0
LITGGTSEE,0.0
LLTEDGE,1.0
IGLSMED,1.0
LNSQHK,0.0
TVANSATDE,0.0
MGRSIK,0.0
HGLEME,0.0
LILEE,1.0
WLNEEQAE,0.0
WWAEMAAE,0.0
WWATRQK,0.0
MIWYDD,1.0
LVVMGKK,1.0
SPLYK,1.0
LHPNATYPLE,0.0
VVYAGIEE,1.0
NYTNQE,0.0
PLSD,1.0
WFILEE,1.0
LYIVTEE,1.0
LDWDWED,0.0
TTWGTNTD,0.0
SWTQLD,0.0
FLWWEE,1.0
WWIASNMVGKK,0.0
WEWNASE,0.0
IFWSTSD,1.0
LGFAAEE,1.0
DMEISWDYDE,0.0
SVGHEFVE,0.0
IVISFDE,1.0
HHYKYSLKK,0.0
LQEE,0.0
SFPYPAR,0.0
VILKQAR,1.0
AIALKK,0.0
MLHTR,1.0
IIGIEAE,1.0
GVHGFNE,0.0
FLVWEE,1.0
WEELEQD,0.0
YWID,1.0
FVMEAID,1.0
WQINSEE,0.0
VHLAGMAR,0.0
IAPGR,0.0
IMYAVEE,1.0
FPGFAAK,1.0
QPRRSRQFIK,0.0
ISIGVEE,1.0
WMAIGDD,1.0
WPSED,1.0
VVMLTRK,1.0
IMMKK,1.0
VMDISTE,1.0
ILVIQSDID,0.0
KMRQTTQNGR,0.0
YIAKIWTK,0.0
LMITAKK,1.0
IIIIKK,1.0
NISAID,0.0
PFVYE,1.0
GIAADLE,0.0
IFMWKK,1.0
WFFIDD,1.0
KFMK,1.0
AFVK,1.0
WKLR,1.0
LIMKSSALIR,0.0
WYDYGNE,0.0
LVADVAD,1.0
GFPTKNR,1.0
LYIEEDE,1.0
PQWED,1.0
IYMWDD,1.0
NDGEWNTTE,0.0
MAPMATE,1.0
IIEYAQD,0.0
VIPE,1.0
TFWTMR,0.0
WIME,1.0
FFFVEE,0.0
WLVEE,1.0
AMMGTDD,0.0
MWWDD,1.0
IELSGGE,0.0
DVVGHE,0.0
MFLSGDD,1.0
VVLVQAETHE,0.0
FYQKK,1.0
IILEGYE,1.0
MVLDTTE,1.0
ALLLAKK,1.0
IRYYR,1.0
MFGMSDD,1.0
LMIGSDAILE,0.0
DVND,0.0
MSDHYSFLE,0.0
TYLK,1.0
MVILAKR,1.0
MIMKHGK,0.0
VSVDTATE,0.0
MPWSE,1.0
VLSSAVEE,0.0
GQSAIEE,0.0
HIAK,1.0
AMVSSGEE,0.0
FFHE,1.0
IISTTGEE,0.0
IYFSEE,1.0
IIAEIWE,1.0
WFFNR,1.0
IGITMTGEE,0.0
GIAIARR,0.0
MVLKK,1.0
AFLKK,1.0
VHMAK,1.0
EASDD,0.0
MIVHD,1.0
ILTVGDIIHE,0.0
IFMSEVD,1.0
IVWSKK,0.0
GGNDTQHE,0.0
LVSFVEE,0.0
GIAFAEE,1.0
VTFNR,0.0
NGRKK,0.0
IIFGLRK,0.0
GIGLTGEE,1.0
YLFKFLHFSR,0.0
AIVNAMDD,0.0
IILGGDD,1.0
WMQFD,0.0
AGFLAEE,0.0
PWTYK,1.0
VNKHQAKK,0.0
WQIAAEE,0.0
AYIYE,1.0
QSDE,0.0
MIDFAGE,1.0
IHMDD,1.0
VNTGEDEHD,0.0
TQIWYYGK,0.0
ALGGLID,0.0
WFYHADE,0.0
FFIEMAE,1.0
WEEAILE,0.0
ISFADD,1.0
MAWDVGE,1.0
MISFGEE,0.0
LLTFIDD,1.0
MALWAEE,1.0
FLHSR,1.0
MIPYTYLE,0.0
MVIAHNNRK,0.0
WELEQAE,1.0
PDDE,0.0
LIIGSMEE,1.0
NSHWD,0.0
HYQSEE,0.0
MLHLQFDD,0.0
MMVKK,1.0
MLTDVTE,1.0
GVAAARK,0.0
WWMANHEE,0.0
RRTVQPMNGK,0.0
MYWMDD,1.0
VWIMDD,1.0
FLFEE,1.0
MWAMDD,1.0
VVVAKK,1.0
QVVPQEHWID,0.0
LEID,0.0
IMKIKNK,1.0
QIQYYPWE,0.0
LAIILETD,1.0
ISITDLDE,0.0
RNPSK,0.0
MWLFEE,1.0
VFIQD,0.0
FVQIADD,1.0
LVTLIQEE,0.0
ILHPKR,1.0
WYYYAEDE,0.0
FVNISEE,0.0
IFWFDED,0.0
PDIMED,1.0
IGISSDD,0.0
VYKR,1.0
NIDHVPMFVE,0.0
GTTE,0.0
WWLSANEE,0.0
WWEQSSE,0.0
GILKAGSASK,0.0
LLVVKK,1.0
TVTVVR,0.0
MLKGAGQIHR,0.0
IVMVSRR,1.0
MIVLKK,0.0
WINNAKK,0.0
ILIIEE,1.0
FYYADD,1.0
FSLR,1.0
VIIMKK,1.0
FVAKK,1.0
LIFNGKK,1.0
LVAFTDE,1.0
EFFD,1.0
LMYWKK,0.0
MIWMKK,1.0
IIGTTDE,1.0
IVGSDGAEE,0.0
WWASQSEE,0.0
AVVMAADD,1.0
YVRK,1.0
IVLVKK,1.0
LMIYVED,1.0
VFIK,1.0
DWEDVASEHE,0.0
MLWWRR,1.0
MGLLADD,1.0
WPSLE,1.0
WWANSHEE,0.0
MMDYGE,1.0
LMWFKK,1.0
IYSPK,1.0
FELTAGE,1.0
VLVETAE,1.0
LTLTNMPFE,0.0
IQITK,1.0
HMSFALD,0.0
VEYEWAGE,0.0
FLFEE,1.0
DWAD,1.0
WAAMD,1.0
DPSIHPSD,0.0
ILISGSMKK,0.0
VWHD,0.0
LVIDD,1.0
WWNFSEE,0.0
VIVESAE,1.0
MMWKK,1.0
AHQAVHNKRK,0.0
IQSAILK,0.0
WLQNAKK,0.0
MFKGK,1.0
WWINKSMK,0.0
GIAALEE,0.0
FTFWE,1.0
GVQLAKK,0.0
GIIVSEEE,0.0
HAIAE,0.0
ANDWE,0.0
MILGAED,1.0
VIAKPPK,1.0
IMAYGEAID,0.0
MVDFMAE,1.0
FYLDGIE,1.0
IILSGDTD,1.0
FVWND,1.0
IILEAD,1.0
IISGIDD,1.0
SQSHILD,0.0
IGISAEAEED,0.0
WVYKK,0.0
VIMIKK,1.0
NMSEGMHAFD,0.0
GIKK,0.0
FSMD,1.0
IMISMKK,0.0
LWFWMEE,0.0
ELVAIDQE,1.0
HVIAE,1.0
LIIWEE,1.0
FLVD,1.0
QTDFE,0.0
WNPIK,0.0
IVIEVMSE,1.0
TMGYWKTGK,0.0
GRMSMGMGQR,0.0
KGTLILR,0.0
GPGYLTEPGD,0.0
SWEE,1.0
IIGSIEE,1.0
GISLGGEE,0.0
KFQR,0.0
FIVEAGD,1.0
ILSDGED,0.0
RTFR,0.0
FWIYQDD,1.0
VFRRMR,0.0
MMFWVGQQR,0.0
LIFAAKK,1.0
FWVK,1.0
ATGWME,0.0
MWMMKK,1.0
GIIAALEE,1.0
VVWKK,1.0
TRPVSTK,0.0
LIIQYAEE,0.0
VLLIQADLD,0.0
EIMAATE,1.0
MLWWMEE,0.0
YVSPSKVFWR,0.0
YNTKRGFRSK,0.0
IFVNADD,1.0
LVDMMSD,1.0
AIGLKKR,1.0
IMIMEE,0.0
LKVNIAK,1.0
LLDALDD,1.0
IWWYDDE,0.0
VGILKAR,1.0
IIWE,1.0
MWMEE,1.0
PSIQTYSWEE,0.0
FWVWKK,0.0
MWYEE,1.0
FPTHQK,0.0
DIIVAGD,1.0
LVFEE,1.0
IIMDSQE,0.0
IGLDSTIE,0.0
VVVKK,0.0
LFFVKK,1.0
WIQEEEE,0.0
MYQTLFNMD,0.0
HVVAE,0.0
WEID,1.0
IFMSEIE,1.0
TFPD,1.0
AAILLAEE,1.0
WEDNEED,0.0
GITK,0.0
FAWQE,1.0
MDWDPGLED,0.0
MAYAE,0.0
YKKR,1.0
MFPTFELHDD,0.0
LIDMSDE,0.0
PGLFYR,1.0
EFAE,1.0
HYTPGTWK,0.0
ILMEDHD,1.0
SNINHKQK,0.0
ILMYDGAE,0.0
GLQFDNSE,0.0
ILGISSDD,1.0
VLMSMKK,1.0
WEENWED,0.0
FVVQSEE,1.0
QLVSGSEE,0.0
LWMID,1.0
GAMEEEE,0.0
VDWDVGE,1.0
LLMVNKK,1.0
HTVQSRSR,0.0
VLFLRTR,1.0
HVWKSWIR,0.0
VEWWMMD,0.0
HLLLFK,1.0
WLNQSAKK,0.0
LLEWANE,1.0
GIKAARR,0.0
IFIKSAK,1.0
FWMNDD,1.0
IIISTIEE,0.0
AAIRNGWPK,0.0
WEIENTTE,0.0
SWMKATMSR,0.0
WWQAHEE,0.0
WYYD,1.0
WWWIEE,0.0
WWQKK,0.0
AAVLWAR,0.0
AALLKAR,1.0
MFAMTDE,1.0
LFLLEE,1.0
EVGD,0.0
ADVPPE,0.0
LIFHRR,1.0
QVWGK,1.0
SHFYLWNQD,0.0
LMILEE,1.0
GWTHDSYND,0.0
LKRK,1.0
VAYGE,1.0
AGILGKR,0.0
AMRVNK,0.0
GIGLATGEE,0.0
HNMFTAPRK,0.0
QPYIPK,0.0
YLYDD,1.0
LSYRK,1.0
HIVRR,1.0
EMIAMTE,0.0
WIEASAAE,0.0
VWVLQAE,1.0
ISILGEE,1.0
VRPIR,0.0
IITWMWPE,0.0
FFYR,1.0
MSVD,0.0
MFSSGGEE,0.0
WFNAK,1.0
MMVIKK,1.0
MSRYFGR,0.0
VVYGK,1.0
WWHQEE,0.0
IFVLETD,0.0
ILSSAADGE,0.0
ALEPWGQVVD,0.0
AILSGAEE,1.0
VTVNTWTR,0.0
YVDMND,0.0
IIVLKGR,1.0
YYGIR,1.0
VIHPE,1.0
FFMGEE,1.0
MISAK,0.0
SIIVGGEE,1.0
LFLMEE,1.0
VYAIMEE,1.0
FFWMMKK,0.0
GDLWID,1.0
AWPRTPQRMR,0.0
MEYYLNE,1.0
VLFEESE,1.0
WWAQMDE,1.0
AFHFFEIELD,0.0
MIWKWQK,0.0
IIGIDSD,1.0
VVIDTDE,1.0
LMVAARK,1.0
IVFIDD,1.0
RFKR,1.0
VWWLEE,1.0
FMMKK,1.0
FDAD,1.0
IVKLTSK,1.0
YGAQLE,0.0
WYARNAK,0.0
LVSVKK,1.0
AIMKKRK,0.0
PYQTMR,1.0
PAPFQSGK,0.0
KVLTNR,1.0
LLADYDD,1.0
GIIAAKK,1.0
MDYVGND,0.0
IGITLDD,1.0
MVMVKK,1.0
VPHMNPAGR,0.0
MAMKSAK,1.0
IMLGHDD,1.0
PTWD,1.0
MYFKK,1.0
IMYSTR,1.0
ILWTAEE,1.0
FFMIDD,1.0
LYLEIED,1.0
WLYRR,1.0
LAINSK,1.0
IYIMEND,1.0
IQVQR,0.0
ISILTMDD,0.0
VQAR,0.0
ALYD,1.0
HNRAK,0.0
FWLYEE,1.0
SLVGSDSE,0.0
WIYLAGDE,0.0
YGNMSSDNE,0.0
LLNVYDD,1.0
VVSHK,0.0
LRAGSFNYK,0.0
MIFTAKK,1.0
PWATPND,1.0
VLLKK,1.0
HFVR,1.0
VIFMSDE,1.0
LMLMGEE,1.0
KIKMK,1.0
LWFKKMK,0.0
WPLFTHD,0.0
DWMHE,0.0
WLWHAVE,0.0
LYYE,1.0
WALNANEE,0.0
ISISTEE,0.0
FVEVSDD,1.0
WNDE,0.0
NWPWIHDME,0.0
PQYKHLR,0.0
DHAE,0.0
LVYYPR,1.0
